Cython	d/Cython-0.29.27-i586-1.txz
GConf	l/GConf-3.2.6-i586-7.txz
Greybird	xfce/Greybird-3.22.15-noarch-1.txz
LibRaw	l/LibRaw-0.20.2-i586-3.txz
M2Crypto	l/M2Crypto-0.38.0-i586-3.txz
MPlayer	xap/MPlayer-20210418-i586-1.txz
Mako	l/Mako-1.1.6-i586-1.txz
ModemManager	n/ModemManager-1.18.4-i586-1.txz
NetworkManager	n/NetworkManager-1.32.12-i586-1.txz
NetworkManager-openvpn	xap/NetworkManager-openvpn-1.8.16-i586-1.txz
OpenCC	x/OpenCC-1.1.3-i586-1.txz
PyQt5	l/PyQt5-5.15.2-i586-5.txz
QScintilla	l/QScintilla-2.11.6-i586-5.txz
QtAV	l/QtAV-20210414_305e5404-i586-1.txz
SDL2	l/SDL2-2.0.20-i586-1.txz
SDL2_gfx	l/SDL2_gfx-1.0.4-i586-3.txz
SDL2_image	l/SDL2_image-2.0.5-i586-3.txz
SDL2_mixer	l/SDL2_mixer-2.0.4-i586-5.txz
SDL2_net	l/SDL2_net-2.0.1-i586-4.txz
SDL2_ttf	l/SDL2_ttf-2.0.18-i586-1.txz
a2ps	ap/a2ps-4.14-i586-9.txz
a52dec	l/a52dec-0.7.4-i586-5.txz
aaa_base	a/aaa_base-15.0-i586-3.txz
aaa_glibc-solibs	a/aaa_glibc-solibs-2.33-i586-5.txz
aaa_libraries	a/aaa_libraries-15.0-i586-19.txz
aaa_terminfo	a/aaa_terminfo-6.3-i586-1.txz
aalib	l/aalib-1.4rc5-i586-8.txz
accountsservice	l/accountsservice-0.6.55-i586-4.txz
acct	ap/acct-6.6.4-i586-4.txz
acl	a/acl-2.3.1-i586-1.txz
acpid	a/acpid-2.0.33-i586-1.txz
adwaita-icon-theme	l/adwaita-icon-theme-40.1.1-noarch-1.txz
akonadi	kde/akonadi-21.12.1-i586-1.txz
akonadi-calendar	kde/akonadi-calendar-21.12.1-i586-1.txz
akonadi-calendar-tools	kde/akonadi-calendar-tools-21.12.1-i586-1.txz
akonadi-contacts	kde/akonadi-contacts-21.12.1-i586-1.txz
akonadi-import-wizard	kde/akonadi-import-wizard-21.12.1-i586-1.txz
akonadi-mime	kde/akonadi-mime-21.12.1-i586-1.txz
akonadi-notes	kde/akonadi-notes-21.12.1-i586-1.txz
akonadi-search	kde/akonadi-search-21.12.1-i586-1.txz
akonadiconsole	kde/akonadiconsole-21.12.1-i586-1.txz
akregator	kde/akregator-21.12.1-i586-1.txz
alkimia	kde/alkimia-8.1.0-i586-3.txz
alpine	n/alpine-2.25-i586-1.txz
alsa-lib	l/alsa-lib-1.2.5.1-i586-1.txz
alsa-oss	l/alsa-oss-1.1.8-i586-3.txz
alsa-plugins	l/alsa-plugins-1.2.5-i586-1.txz
alsa-utils	ap/alsa-utils-1.2.5.1-i586-1.txz
amp	ap/amp-0.7.6-i586-5.txz
analitza	kde/analitza-21.12.1-i586-1.txz
anthy	x/anthy-9100h-i586-4.txz
appres	x/appres-1.0.5-i586-4.txz
apr	l/apr-1.7.0-i586-3.txz
apr-util	l/apr-util-1.6.1-i586-10.txz
argon2	l/argon2-20190702-i586-5.txz
ark	kde/ark-21.12.1-i586-1.txz
artikulate	kde/artikulate-21.12.1-i586-1.txz
aspell	l/aspell-0.60.8-i586-3.txz
aspell-en	l/aspell-en-2020.12.07_0-i586-1.txz
at	ap/at-3.2.4-i586-1.txz
at-spi2-atk	l/at-spi2-atk-2.38.0-i586-3.txz
at-spi2-core	l/at-spi2-core-2.42.0-i586-1.txz
atk	l/atk-2.36.0-i586-3.txz
atkmm	l/atkmm-2.28.2-i586-1.txz
attica	kde/attica-5.90.0-i586-1.txz
attr	a/attr-2.5.1-i586-1.txz
audacious	xap/audacious-4.1-i586-3.txz
audacious-plugins	xap/audacious-plugins-4.1-i586-3.txz
audiocd-kio	kde/audiocd-kio-21.12.1-i586-1.txz
audiofile	l/audiofile-0.3.6-i586-4.txz
autoconf	d/autoconf-2.69-noarch-4.txz
autoconf-archive	d/autoconf-archive-2021.02.19-noarch-1.txz
autofs	n/autofs-5.1.8-i586-1.txz
automake	d/automake-1.16.2-noarch-4.txz
babl	l/babl-0.1.88-i586-1.txz
baloo	kde/baloo-5.90.0-i586-1.txz
baloo-widgets	kde/baloo-widgets-21.12.1-i586-1.txz
bash	a/bash-5.1.016-i586-1.txz
bc	ap/bc-1.07.1-i586-5.txz
bdftopcf	x/bdftopcf-1.1-i586-4.txz
beforelight	x/beforelight-1.0.5-i586-5.txz
biff+comsat	n/biff+comsat-0.17-i586-4.txz
bin	a/bin-11.1-i586-5.txz
bind	n/bind-9.16.25-i586-1.txz
binutils	d/binutils-2.37-i586-1.txz
bison	d/bison-3.8.2-i586-1.txz
bitmap	x/bitmap-1.0.9-i586-3.txz
blackbox	xap/blackbox-0.77-i586-1.txz
blinken	kde/blinken-21.12.1-i586-1.txz
bluedevil	kde/bluedevil-5.23.5-i586-1.txz
blueman	xap/blueman-2.2.3-i586-2.txz
bluez	n/bluez-5.63-i586-2.txz
bluez-firmware	n/bluez-firmware-1.2-i586-4.txz
bluez-qt	kde/bluez-qt-5.90.0-i586-1.txz
bomber	kde/bomber-21.12.1-i586-1.txz
boost	l/boost-1.78.0-i586-1.txz
bootp	n/bootp-2.4.3-i586-5.txz
bovo	kde/bovo-21.12.1-i586-1.txz
bpe	ap/bpe-2.01.00-i586-6.txz
breeze	kde/breeze-5.23.5-i586-1.txz
breeze-grub	kde/breeze-grub-5.23.5-i586-1.txz
breeze-gtk	kde/breeze-gtk-5.23.5-i586-1.txz
breeze-icons	kde/breeze-icons-5.90.0-noarch-1.txz
bridge-utils	n/bridge-utils-1.7.1-i586-1.txz
brotli	l/brotli-1.0.9-i586-7.txz
bsd-finger	n/bsd-finger-0.17-i586-5.txz
bsd-games	y/bsd-games-2.17-i586-3.txz
btrfs-progs	a/btrfs-progs-5.16-i586-1.txz
bzip2	a/bzip2-1.0.8-i586-3.txz
c-ares	n/c-ares-1.18.1-i586-1.txz
ca-certificates	n/ca-certificates-20211216-noarch-1.txz
cairo	l/cairo-1.16.0-i586-3.txz
cairomm	l/cairomm-1.12.2-i586-4.txz
calendarsupport	kde/calendarsupport-21.12.1-i586-1.txz
calligra	kde/calligra-3.2.1-i586-15.txz
calligraplan	kde/calligraplan-3.3.0-i586-3.txz
cantor	kde/cantor-21.12.1-i586-1.txz
ccache	d/ccache-4.5.1-i586-1.txz
cdparanoia	ap/cdparanoia-III_10.2-i586-5.txz
cdrdao	ap/cdrdao-1.2.4-i586-3.txz
cdrtools	ap/cdrtools-3.02a09-i586-1.txz
cervisia	kde/cervisia-21.12.1-i586-1.txz
cfitsio	l/cfitsio-4.0.0-i586-1.txz
check	d/check-0.15.2-i586-3.txz
chmlib	l/chmlib-0.40-i586-5.txz
cifs-utils	n/cifs-utils-6.14-i586-1.txz
cldr-emoji-annotation	x/cldr-emoji-annotation-37.0_13.0_0_2-noarch-4.txz
clisp	d/clisp-2.50_20191103_c26de7873-i586-5.txz
clucene	l/clucene-2.3.3.4-i586-5.txz
cmake	d/cmake-3.21.4-i586-1.txz
compiz	x/compiz-0.8.18-i586-3.txz
conntrack-tools	n/conntrack-tools-1.4.6-i586-3.txz
coreutils	a/coreutils-9.0-i586-3.txz
cpio	a/cpio-2.13-i586-3.txz
cpufrequtils	a/cpufrequtils-008-i586-4.txz
cracklib	a/cracklib-2.9.7-i586-3.txz
crda	n/crda-4.14-i586-3.txz
cryfs	l/cryfs-0.10.3-i586-4.txz
cryptopp	l/cryptopp-8.2.0-i586-3.txz
cryptsetup	a/cryptsetup-2.4.3-i586-1.txz
cscope	d/cscope-15.9-i586-3.txz
cups	ap/cups-2.3.3op2-i586-1.txz
cups-filters	ap/cups-filters-1.28.11-i586-1.txz
curl	n/curl-7.81.0-i586-1.txz
cvs	d/cvs-1.11.23-i586-7.txz
cyrus-sasl	n/cyrus-sasl-2.1.27-i586-7.txz
daemon	n/daemon-0.8-i586-1.txz
dash	ap/dash-0.5.11.4-i586-1.txz
db48	l/db48-4.8.30-i586-6.txz
dbus	a/dbus-1.12.20-i586-5.txz
dbus-glib	l/dbus-glib-0.112-i586-1.txz
dbus-python	l/dbus-python-1.2.18-i586-3.txz
dc3dd	ap/dc3dd-7.2.646-i586-4.txz
dconf	l/dconf-0.40.0-i586-1.txz
dconf-editor	l/dconf-editor-3.38.3-i586-1.txz
dcron	a/dcron-4.5-i586-11.txz
ddd	xap/ddd-3.3.12-i586-8.txz
ddrescue	ap/ddrescue-1.26-i586-1.txz
dehydrated	n/dehydrated-0.7.0-noarch-3.txz
dejavu-fonts-ttf	x/dejavu-fonts-ttf-2.37-noarch-6.txz
desktop-file-utils	l/desktop-file-utils-0.26-i586-3.txz
dev86	d/dev86-0.16.21-i586-4.txz
devs	a/devs-2.3.1-noarch-25.txz
dhcp	n/dhcp-4.4.2_P1-i586-1.txz
dhcpcd	n/dhcpcd-9.4.1-i586-1.txz
dialog	a/dialog-1.3_20211214-i586-1.txz
diffstat	ap/diffstat-1.64-i586-3.txz
diffutils	ap/diffutils-3.8-i586-1.txz
digikam	kde/digikam-7.5.0-i586-1.txz
distcc	d/distcc-3.4-i586-3.txz
djvulibre	l/djvulibre-3.5.28-i586-3.txz
dmapi	ap/dmapi-2.2.12-i586-5.txz
dmidecode	ap/dmidecode-3.3-i586-3.txz
dnsmasq	n/dnsmasq-2.86-i586-1.txz
dolphin	kde/dolphin-21.12.1-i586-1.txz
dolphin-plugins	kde/dolphin-plugins-21.12.1-i586-1.txz
dosfstools	a/dosfstools-4.2-i586-2.txz
dotconf	l/dotconf-1.3-i586-3.txz
dovecot	n/dovecot-2.3.17.1-i586-1.txz
doxygen	d/doxygen-1.9.3-i586-2.txz
dragon	kde/dragon-21.12.1-i586-1.txz
drkonqi	kde/drkonqi-5.23.5-i586-1.txz
dvd+rw-tools	ap/dvd+rw-tools-7.1-i586-5.txz
dvdauthor	l/dvdauthor-0.7.2-i586-5.txz
e2fsprogs	a/e2fsprogs-1.46.5-i586-1.txz
easytag	xap/easytag-2.4.3-i586-4.txz
ebook-tools	l/ebook-tools-0.2.2-i586-7.txz
ebtables	n/ebtables-2.0.11-i586-3.txz
ed	a/ed-1.17-i586-3.txz
editorconfig-core-c	l/editorconfig-core-c-0.12.5-i586-1.txz
editres	x/editres-1.0.7-i586-4.txz
efibootmgr	a/efibootmgr-20191011_e8ce9fe-i586-4.txz
efivar	a/efivar-20201015_cff88dd-i586-1.txz
egl-wayland	x/egl-wayland-1.1.7-i586-1.txz
eglexternalplatform	x/eglexternalplatform-1.1-i586-1.txz
eigen3	l/eigen3-3.4.0-i586-1.txz
electricsheep	xap/electricsheep-20090306-i586-7.txz
elementary-xfce	xfce/elementary-xfce-0.15.2-i586-1.txz
elfutils	l/elfutils-0.186-i586-1.txz
elilo	a/elilo-3.16-i586-12.txz
elisa	kde/elisa-21.12.1-i586-1.txz
elm	n/elm-2.5.8-i586-7.txz
elogind	a/elogind-246.10-i586-1.txz
elvis	a/elvis-2.2_0-i586-8.txz
emacs	e/emacs-27.2-i586-1.txz
emacspeak	e/emacspeak-53.0-i586-3.txz
enchant	l/enchant-2.3.2-i586-1.txz
encodings	x/encodings-1.0.5-noarch-3.txz
enscript	ap/enscript-1.6.6-i586-4.txz
epic5	n/epic5-2.1.6-i586-3.txz
esound	l/esound-0.2.41-i586-5.txz
espeak-ng	l/espeak-ng-1.50-i586-3.txz
etc	a/etc-15.0-i586-17.txz
ethtool	n/ethtool-5.16-i586-1.txz
eudev	a/eudev-3.2.11-i586-1.txz
eventviews	kde/eventviews-21.12.1-i586-1.txz
exfatprogs	a/exfatprogs-1.1.3-i586-1.txz
exiv2	l/exiv2-0.27.5-i586-1.txz
exo	xfce/exo-4.16.3-i586-1.txz
expat	l/expat-2.4.4-i586-1.txz
expect	tcl/expect-5.45.4-i586-4.txz
extra-cmake-modules	kde/extra-cmake-modules-5.90.0-i586-1.txz
f2fs-tools	a/f2fs-tools-1.14.0-i586-3.txz
falkon	kde/falkon-3.2.0-i586-1.txz
farstream	l/farstream-0.2.9-i586-3.txz
fcitx	x/fcitx-4.2.9.8-i586-3.txz
fcitx-anthy	x/fcitx-anthy-0.2.4-i586-1.txz
fcitx-configtool	x/fcitx-configtool-0.4.10-i586-3.txz
fcitx-hangul	x/fcitx-hangul-0.3.1-i586-3.txz
fcitx-kkc	x/fcitx-kkc-0.1.4-i586-3.txz
fcitx-libpinyin	x/fcitx-libpinyin-0.5.4-i586-2.txz
fcitx-m17n	x/fcitx-m17n-0.2.4-i586-3.txz
fcitx-qt5	x/fcitx-qt5-1.2.7-i586-1.txz
fcitx-sayura	x/fcitx-sayura-0.1.2-i586-3.txz
fcitx-table-extra	x/fcitx-table-extra-0.3.8-i586-3.txz
fcitx-table-other	x/fcitx-table-other-0.2.4-i586-3.txz
fcitx-unikey	x/fcitx-unikey-0.2.7-i586-3.txz
fetchmail	n/fetchmail-6.4.27-i586-1.txz
ffmpeg	l/ffmpeg-4.4.1-i586-2.txz
ffmpegthumbnailer	xap/ffmpegthumbnailer-2.2.2-i586-3.txz
ffmpegthumbs	kde/ffmpegthumbs-21.12.1-i586-1.txz
fftw	l/fftw-3.3.10-i586-1.txz
fig2dev	t/fig2dev-3.2.8b-i586-1.txz
file	a/file-5.41-i586-1.txz
filelight	kde/filelight-21.12.1-i586-1.txz
findutils	a/findutils-4.8.0-i586-3.txz
flac	ap/flac-1.3.3-i586-3.txz
flex	d/flex-2.6.4-i586-5.txz
floppy	a/floppy-5.5-i586-4.txz
fluidsynth	l/fluidsynth-2.2.5-i586-1.txz
fluxbox	xap/fluxbox-1.3.7-i586-6.txz
font-adobe-100dpi	x/font-adobe-100dpi-1.0.3-noarch-5.txz
font-adobe-75dpi	x/font-adobe-75dpi-1.0.3-noarch-5.txz
font-adobe-utopia-100dpi	x/font-adobe-utopia-100dpi-1.0.4-noarch-5.txz
font-adobe-utopia-75dpi	x/font-adobe-utopia-75dpi-1.0.4-noarch-5.txz
font-adobe-utopia-type1	x/font-adobe-utopia-type1-1.0.4-noarch-5.txz
font-alias	x/font-alias-1.0.4-noarch-3.txz
font-arabic-misc	x/font-arabic-misc-1.0.3-noarch-5.txz
font-bh-100dpi	x/font-bh-100dpi-1.0.3-noarch-5.txz
font-bh-75dpi	x/font-bh-75dpi-1.0.3-noarch-5.txz
font-bh-lucidatypewriter-100dpi	x/font-bh-lucidatypewriter-100dpi-1.0.3-noarch-5.txz
font-bh-lucidatypewriter-75dpi	x/font-bh-lucidatypewriter-75dpi-1.0.3-noarch-5.txz
font-bh-ttf	x/font-bh-ttf-1.0.3-noarch-5.txz
font-bh-type1	x/font-bh-type1-1.0.3-noarch-5.txz
font-bitstream-100dpi	x/font-bitstream-100dpi-1.0.3-noarch-5.txz
font-bitstream-75dpi	x/font-bitstream-75dpi-1.0.3-noarch-5.txz
font-bitstream-speedo	x/font-bitstream-speedo-1.0.2-noarch-5.txz
font-bitstream-type1	x/font-bitstream-type1-1.0.3-noarch-5.txz
font-cronyx-cyrillic	x/font-cronyx-cyrillic-1.0.3-noarch-5.txz
font-cursor-misc	x/font-cursor-misc-1.0.3-noarch-5.txz
font-daewoo-misc	x/font-daewoo-misc-1.0.3-noarch-5.txz
font-dec-misc	x/font-dec-misc-1.0.3-noarch-5.txz
font-ibm-type1	x/font-ibm-type1-1.0.3-noarch-5.txz
font-isas-misc	x/font-isas-misc-1.0.3-noarch-5.txz
font-jis-misc	x/font-jis-misc-1.0.3-noarch-5.txz
font-micro-misc	x/font-micro-misc-1.0.3-noarch-5.txz
font-misc-cyrillic	x/font-misc-cyrillic-1.0.3-noarch-5.txz
font-misc-ethiopic	x/font-misc-ethiopic-1.0.4-noarch-3.txz
font-misc-meltho	x/font-misc-meltho-1.0.3-noarch-5.txz
font-misc-misc	x/font-misc-misc-1.1.2-noarch-5.txz
font-mutt-misc	x/font-mutt-misc-1.0.3-noarch-5.txz
font-schumacher-misc	x/font-schumacher-misc-1.1.2-noarch-5.txz
font-screen-cyrillic	x/font-screen-cyrillic-1.0.4-noarch-5.txz
font-sony-misc	x/font-sony-misc-1.0.3-noarch-5.txz
font-sun-misc	x/font-sun-misc-1.0.3-noarch-5.txz
font-util	x/font-util-1.3.2-i586-3.txz
font-winitzki-cyrillic	x/font-winitzki-cyrillic-1.0.3-noarch-5.txz
font-xfree86-type1	x/font-xfree86-type1-1.0.4-noarch-5.txz
fontconfig	x/fontconfig-2.13.92-i586-3.txz
fonttosfnt	x/fonttosfnt-1.2.2-i586-1.txz
frameworkintegration	kde/frameworkintegration-5.90.0-i586-1.txz
freecell-solver	l/freecell-solver-6.6.0-i586-1.txz
freeglut	x/freeglut-3.2.1-i586-3.txz
freerdp	xap/freerdp-2.5.0-i586-1.txz
freetype	l/freetype-2.11.1-i586-1.txz
frei0r-plugins	l/frei0r-plugins-1.7.0-i586-3.txz
fribidi	l/fribidi-1.0.11-i586-1.txz
fslsfonts	x/fslsfonts-1.0.5-i586-5.txz
fstobdf	x/fstobdf-1.0.6-i586-5.txz
fuse	l/fuse-2.9.9-i586-3.txz
fuse3	l/fuse3-3.10.5-i586-1.txz
fvwm	xap/fvwm-2.6.9-i586-4.txz
gamin	l/gamin-0.1.10-i586-9.txz
garcon	xfce/garcon-4.16.1-i586-3.txz
gawk	a/gawk-5.1.1-i586-1.txz
gc	l/gc-8.0.6-i586-1.txz
gcc	d/gcc-11.2.0-i586-2.txz
gcc-brig	d/gcc-brig-11.2.0-i586-2.txz
gcc-g++	d/gcc-g++-11.2.0-i586-2.txz
gcc-gdc	d/gcc-gdc-11.2.0-i586-2.txz
gcc-gfortran	d/gcc-gfortran-11.2.0-i586-2.txz
gcc-gnat	d/gcc-gnat-11.2.0-i586-2.txz
gcc-go	d/gcc-go-11.2.0-i586-2.txz
gcc-objc	d/gcc-objc-11.2.0-i586-2.txz
gccmakedep	x/gccmakedep-1.0.3-noarch-4.txz
gcr	l/gcr-3.40.0-i586-1.txz
gd	l/gd-2.3.3-i586-2.txz
gdb	d/gdb-11.2-i586-1.txz
gdbm	l/gdbm-1.22-i586-1.txz
gdk-pixbuf2	l/gdk-pixbuf2-2.42.6-i586-1.txz
gdk-pixbuf2-xlib	l/gdk-pixbuf2-xlib-2.40.2-i586-3.txz
geeqie	xap/geeqie-1.7.2-i586-1.txz
gegl	l/gegl-0.4.34-i586-2.txz
genpower	a/genpower-1.0.5-i586-5.txz
getmail	n/getmail-6.18.6-i586-1.txz
gettext	a/gettext-0.21-i586-3.txz
gettext-tools	d/gettext-tools-0.21-i586-3.txz
gexiv2	l/gexiv2-0.14.0-i586-3.txz
gftp	xap/gftp-2.8.0b-i586-1.txz
ghostscript	ap/ghostscript-9.55.0-i586-1.txz
ghostscript-fonts-std	ap/ghostscript-fonts-std-8.11-noarch-5.txz
giflib	l/giflib-5.2.1-i586-4.txz
gimp	xap/gimp-2.10.30-i586-2.txz
git	d/git-2.35.1-i586-1.txz
gjs	l/gjs-1.70.0-i586-1.txz
gkrellm	xap/gkrellm-2.3.11-i586-3.txz
glade	l/glade-3.38.2-i586-5.txz
glew	x/glew-2.2.0-i586-3.txz
glib	l/glib-1.2.10-i586-9.txz
glib-networking	l/glib-networking-2.70.1-i586-1.txz
glib2	l/glib2-2.70.3-i586-1.txz
glibc	l/glibc-2.33-i586-5.txz
glibc-i18n	l/glibc-i18n-2.33-i586-5.txz
glibc-profile	l/glibc-profile-2.33-i586-5.txz
glibc-zoneinfo	a/glibc-zoneinfo-2021e-noarch-1.txz
glibmm	l/glibmm-2.64.5-i586-3.txz
glu	x/glu-9.0.2-i586-1.txz
gmime	l/gmime-3.2.7-i586-4.txz
gmm	l/gmm-5.4-noarch-3.txz
gmp	l/gmp-6.2.1-i586-3.txz
gnome-keyring	l/gnome-keyring-40.0-i586-1.txz
gnome-themes-extra	l/gnome-themes-extra-3.28-i586-3.txz
gnu-efi	l/gnu-efi-3.0.14-i586-1.txz
gnuchess	xap/gnuchess-6.2.9-i586-1.txz
gnucobol	d/gnucobol-3.1.2-i586-3.txz
gnupg	n/gnupg-1.4.23-i586-4.txz
gnupg2	n/gnupg2-2.2.33-i586-1.txz
gnuplot	xap/gnuplot-5.4.3-i586-1.txz
gnutls	n/gnutls-3.7.2-i586-1.txz
gobject-introspection	l/gobject-introspection-1.70.0-i586-3.txz
gpa	n/gpa-0.10.0-i586-3.txz
gparted	xap/gparted-1.3.1-i586-1.txz
gperf	d/gperf-3.1-i586-4.txz
gpgme	n/gpgme-1.16.0-i586-3.txz
gphoto2	ap/gphoto2-2.5.28-i586-1.txz
gpm	a/gpm-1.20.7-i586-9.txz
gptfdisk	a/gptfdisk-1.0.8-i586-1.txz
granatier	kde/granatier-21.12.1-i586-1.txz
grantlee	l/grantlee-5.2.0-i586-3.txz
grantlee-editor	kde/grantlee-editor-21.12.1-i586-1.txz
grantleetheme	kde/grantleetheme-21.12.1-i586-1.txz
graphene	l/graphene-1.10.6-i586-1.txz
graphite2	l/graphite2-1.3.14-i586-3.txz
grep	a/grep-3.7-i586-1.txz
groff	ap/groff-1.22.4-i586-4.txz
grub	a/grub-2.06-i586-4.txz
gsettings-desktop-schemas	l/gsettings-desktop-schemas-40.0-i586-1.txz
gsl	l/gsl-2.7-i586-1.txz
gst-plugins-bad-free	l/gst-plugins-bad-free-1.18.5-i586-4.txz
gst-plugins-base	l/gst-plugins-base-1.18.5-i586-1.txz
gst-plugins-good	l/gst-plugins-good-1.18.5-i586-2.txz
gst-plugins-libav	l/gst-plugins-libav-1.18.5-i586-1.txz
gstreamer	l/gstreamer-1.18.5-i586-1.txz
gtk+	l/gtk+-1.2.10-i586-9.txz
gtk+2	l/gtk+2-2.24.33-i586-2.txz
gtk+3	l/gtk+3-3.24.31-i586-1.txz
gtk4	l/gtk4-4.4.1-i586-1.txz
gtkmm2	l/gtkmm2-2.24.5-i586-4.txz
gtkmm3	l/gtkmm3-3.24.5-i586-1.txz
gtksourceview3	l/gtksourceview3-3.24.11-i586-4.txz
gtkspell	l/gtkspell-2.0.16-i586-7.txz
gucharmap	xap/gucharmap-12.0.1-i586-3.txz
guile	d/guile-3.0.7-i586-1.txz
gutenprint	ap/gutenprint-5.3.4-i586-3.txz
gv	xap/gv-3.7.4-i586-5.txz
gvfs	l/gvfs-1.48.1-i586-1.txz
gwenview	kde/gwenview-21.12.1-i586-1.txz
gyp	d/gyp-20210831_d6c5dd51-i586-2.txz
gzip	a/gzip-1.11-i586-1.txz
hack-fonts-ttf	x/hack-fonts-ttf-3.003-noarch-3.txz
harfbuzz	l/harfbuzz-3.2.0-i586-1.txz
haveged	a/haveged-1.9.17-i586-1.txz
hdparm	a/hdparm-9.63-i586-1.txz
help2man	d/help2man-1.48.5-i586-1.txz
hexchat	xap/hexchat-2.16.0-i586-3.txz
hfsutils	tcl/hfsutils-3.2.6-i586-8.txz
hicolor-icon-theme	l/hicolor-icon-theme-0.17-noarch-4.txz
hostname	a/hostname-3.23-i586-3.txz
hplip	ap/hplip-3.20.5-i586-6.txz
htdig	n/htdig-3.2.0b6-i586-8.txz
htop	ap/htop-3.1.2-i586-1.txz
httpd	n/httpd-2.4.52-i586-1.txz
hunspell	l/hunspell-1.7.0-i586-1.txz
hwdata	a/hwdata-0.355-noarch-1.txz
hyphen	l/hyphen-2.8.8-i586-3.txz
ibus	x/ibus-1.5.25-i586-5.txz
ibus-anthy	x/ibus-anthy-1.5.14-i586-1.txz
ibus-hangul	x/ibus-hangul-1.5.4-i586-5.txz
ibus-kkc	x/ibus-kkc-1.5.22-i586-3.txz
ibus-libpinyin	x/ibus-libpinyin-1.12.1-i586-3.txz
ibus-m17n	x/ibus-m17n-1.4.9-i586-1.txz
ibus-table	x/ibus-table-1.14.1-i586-3.txz
ibus-unikey	x/ibus-unikey-0.6.1-i586-3.txz
iceauth	x/iceauth-1.0.8-i586-4.txz
icecream	d/icecream-1.3.1-i586-4.txz
icmpinfo	n/icmpinfo-1.11-i586-5.txz
ico	x/ico-1.0.5-i586-4.txz
icon-naming-utils	l/icon-naming-utils-0.8.90-i586-5.txz
icu4c	l/icu4c-69.1-i586-1.txz
id3lib	l/id3lib-3.8.3-i586-4.txz
iftop	n/iftop-1.0pre4-i586-4.txz
igt-gpu-tools	x/igt-gpu-tools-1.26-i586-1.txz
imagemagick	l/imagemagick-7.1.0_22-i586-1.txz
imake	x/imake-1.0.8-i586-3.txz
incidenceeditor	kde/incidenceeditor-21.12.1-i586-1.txz
indent	d/indent-2.2.12-i586-3.txz
inetd	n/inetd-1.79s-i586-14.txz
infozip	a/infozip-6.0-i586-7.txz
inih	a/inih-53-i586-2.txz
inotify-tools	a/inotify-tools-3.20.11.0-i586-3.txz
intel-vaapi-driver	x/intel-vaapi-driver-2.4.1-i586-3.txz
intltool	d/intltool-0.51.0-i586-6.txz
inxi	ap/inxi-3.3.12_1-noarch-1.txz
iproute2	n/iproute2-5.16.0-i586-1.txz
ipset	n/ipset-7.15-i586-1.txz
iptables	n/iptables-1.8.7-i586-3.txz
iptraf-ng	n/iptraf-ng-1.2.1-i586-3.txz
iputils	n/iputils-20211215-i586-1.txz
ipw2100-fw	n/ipw2100-fw-1.3-fw-3.txz
ipw2200-fw	n/ipw2200-fw-3.1-fw-3.txz
irssi	n/irssi-1.2.3-i586-2.txz
isl	l/isl-0.24-i586-1.txz
iso-codes	l/iso-codes-4.9.0-noarch-1.txz
ispell	ap/ispell-3.4.04-i586-1.txz
itinerary	kde/itinerary-21.12.1-i586-1.txz
itstool	ap/itstool-2.0.7-i586-2.txz
iw	n/iw-5.16-i586-1.txz
jansson	l/jansson-2.14-i586-1.txz
jasper	l/jasper-2.0.33-i586-1.txz
jed	ap/jed-0.99_19-i586-5.txz
jemalloc	l/jemalloc-5.2.1-i586-3.txz
jfsutils	a/jfsutils-1.1.15-i586-4.txz
jmtpfs	l/jmtpfs-0.5-i586-3.txz
joe	ap/joe-4.6-i586-4.txz
jove	ap/jove-4.16.0.74-i586-3.txz
json-c	l/json-c-0.15_20200726-i586-3.txz
json-glib	l/json-glib-1.6.6-i586-1.txz
judy	l/judy-1.0.5-i586-4.txz
juk	kde/juk-21.12.1-i586-1.txz
k3b	kde/k3b-21.12.1-i586-1.txz
kactivities	kde/kactivities-5.90.0-i586-1.txz
kactivities-stats	kde/kactivities-stats-5.90.0-i586-1.txz
kactivitymanagerd	kde/kactivitymanagerd-5.23.5-i586-1.txz
kaddressbook	kde/kaddressbook-21.12.1-i586-1.txz
kalarm	kde/kalarm-21.12.1-i586-1.txz
kalarmcal	kde/kalarmcal-21.12.1-i586-1.txz
kalgebra	kde/kalgebra-21.12.1-i586-1.txz
kalzium	kde/kalzium-21.12.1-i586-1.txz
kamera	kde/kamera-21.12.1-i586-1.txz
kamoso	kde/kamoso-21.12.1-i586-1.txz
kanagram	kde/kanagram-21.12.1-i586-1.txz
kapidox	kde/kapidox-5.90.0-i586-1.txz
kapman	kde/kapman-21.12.1-i586-1.txz
kapptemplate	kde/kapptemplate-21.12.1-i586-1.txz
karchive	kde/karchive-5.90.0-i586-1.txz
kate	kde/kate-21.12.1-i586-2.txz
katomic	kde/katomic-21.12.1-i586-1.txz
kauth	kde/kauth-5.90.0-i586-1.txz
kbackup	kde/kbackup-21.12.1-i586-1.txz
kbd	a/kbd-1.15.3-i586-6.txz
kblackbox	kde/kblackbox-21.12.1-i586-1.txz
kblocks	kde/kblocks-21.12.1-i586-1.txz
kbookmarks	kde/kbookmarks-5.90.0-i586-1.txz
kbounce	kde/kbounce-21.12.1-i586-1.txz
kbreakout	kde/kbreakout-21.12.1-i586-1.txz
kbruch	kde/kbruch-21.12.1-i586-1.txz
kcachegrind	kde/kcachegrind-21.12.1-i586-1.txz
kcalc	kde/kcalc-21.12.1-i586-1.txz
kcalendarcore	kde/kcalendarcore-5.90.0-i586-1.txz
kcalutils	kde/kcalutils-21.12.1-i586-1.txz
kcharselect	kde/kcharselect-21.12.1-i586-1.txz
kcm-fcitx	kde/kcm-fcitx-0.5.6-i586-4.txz
kcmutils	kde/kcmutils-5.90.0-i586-1.txz
kcodecs	kde/kcodecs-5.90.0-i586-1.txz
kcolorchooser	kde/kcolorchooser-21.12.1-i586-1.txz
kcompletion	kde/kcompletion-5.90.0-i586-1.txz
kconfig	kde/kconfig-5.90.0-i586-1.txz
kconfigwidgets	kde/kconfigwidgets-5.90.1-i586-1.txz
kcontacts	kde/kcontacts-5.90.0-i586-1.txz
kcoreaddons	kde/kcoreaddons-5.90.0-i586-1.txz
kcrash	kde/kcrash-5.90.0-i586-1.txz
kcron	kde/kcron-21.12.1-i586-1.txz
kdav	kde/kdav-5.90.0-i586-1.txz
kdbusaddons	kde/kdbusaddons-5.90.0-i586-1.txz
kde-cli-tools	kde/kde-cli-tools-5.23.5-i586-1.txz
kde-dev-scripts	kde/kde-dev-scripts-21.12.1-i586-1.txz
kde-dev-utils	kde/kde-dev-utils-21.12.1-i586-1.txz
kde-gtk-config	kde/kde-gtk-config-5.23.5-i586-1.txz
kdebugsettings	kde/kdebugsettings-21.12.1-i586-1.txz
kdeclarative	kde/kdeclarative-5.90.0-i586-1.txz
kdeconnect-kde	kde/kdeconnect-kde-21.12.1-i586-1.txz
kdecoration	kde/kdecoration-5.23.5-i586-1.txz
kded	kde/kded-5.90.0-i586-1.txz
kdeedu-data	kde/kdeedu-data-21.12.1-i586-1.txz
kdegraphics-mobipocket	kde/kdegraphics-mobipocket-21.12.1-i586-1.txz
kdegraphics-thumbnailers	kde/kdegraphics-thumbnailers-21.12.1-i586-1.txz
kdelibs4support	kde/kdelibs4support-5.90.0-i586-1.txz
kdenetwork-filesharing	kde/kdenetwork-filesharing-21.12.1-i586-1.txz
kdenlive	kde/kdenlive-21.12.1-i586-1.txz
kdepim-addons	kde/kdepim-addons-21.12.1-i586-1.txz
kdepim-runtime	kde/kdepim-runtime-21.12.1-i586-1.txz
kdeplasma-addons	kde/kdeplasma-addons-5.23.5-i586-1.txz
kdesdk-kioslaves	kde/kdesdk-kioslaves-21.12.1-i586-1.txz
kdesdk-thumbnailers	kde/kdesdk-thumbnailers-21.12.1-i586-1.txz
kdesignerplugin	kde/kdesignerplugin-5.90.0-i586-1.txz
kdesu	kde/kdesu-5.90.0-i586-1.txz
kdev-php	kde/kdev-php-21.12.1-i586-1.txz
kdev-python	kde/kdev-python-21.12.1-i586-1.txz
kdevelop	kde/kdevelop-21.12.1-i586-1.txz
kdevelop-pg-qt	kde/kdevelop-pg-qt-2.2.1-i586-4.txz
kdewebkit	kde/kdewebkit-5.90.0-i586-1.txz
kdf	kde/kdf-21.12.1-i586-1.txz
kdiagram	kde/kdiagram-2.8.0-i586-4.txz
kdialog	kde/kdialog-21.12.1-i586-1.txz
kdiamond	kde/kdiamond-21.12.1-i586-1.txz
kdnssd	kde/kdnssd-5.90.0-i586-1.txz
kdoctools	kde/kdoctools-5.90.0-i586-1.txz
kdsoap	l/kdsoap-2.0.0-i586-1.txz
keditbookmarks	kde/keditbookmarks-21.12.1-i586-1.txz
kemoticons	kde/kemoticons-5.90.0-i586-1.txz
kernel-firmware	a/kernel-firmware-20220124_eb8ea1b-noarch-1.txz
kernel-generic	a/kernel-generic-5.15.19-i586-2.txz
kernel-headers	d/kernel-headers-5.15.19_smp-x86-2.txz
kernel-huge	a/kernel-huge-5.15.19-i586-2.txz
kernel-modules	a/kernel-modules-5.15.19-i586-2.txz
kernel-source	k/kernel-source-5.15.19_smp-noarch-2.txz
keybinder3	l/keybinder3-3.0_0.3.2-i586-3.txz
keyutils	l/keyutils-1.6.3-i586-3.txz
kfilemetadata	kde/kfilemetadata-5.90.0-i586-1.txz
kfind	kde/kfind-21.12.1-i586-1.txz
kfloppy	kde/kfloppy-21.12.1-i586-1.txz
kfourinline	kde/kfourinline-21.12.1-i586-1.txz
kgamma5	kde/kgamma5-5.23.5-i586-1.txz
kgeography	kde/kgeography-21.12.1-i586-1.txz
kget	kde/kget-21.12.1-i586-1.txz
kglobalaccel	kde/kglobalaccel-5.90.0-i586-2.txz
kgoldrunner	kde/kgoldrunner-21.12.1-i586-1.txz
kgpg	kde/kgpg-21.12.1-i586-1.txz
kguiaddons	kde/kguiaddons-5.90.0-i586-1.txz
khangman	kde/khangman-21.12.1-i586-1.txz
khelpcenter	kde/khelpcenter-21.12.1-i586-1.txz
kholidays	kde/kholidays-5.90.0-i586-1.txz
khotkeys	kde/khotkeys-5.23.5-i586-1.txz
khtml	kde/khtml-5.90.0-i586-1.txz
ki18n	kde/ki18n-5.90.0-i586-1.txz
kiconthemes	kde/kiconthemes-5.90.0-i586-1.txz
kid3	kde/kid3-3.9.1-i586-1.txz
kidentitymanagement	kde/kidentitymanagement-21.12.1-i586-1.txz
kidletime	kde/kidletime-5.90.0-i586-1.txz
kig	kde/kig-21.12.1-i586-2.txz
kigo	kde/kigo-21.12.1-i586-1.txz
kile	kde/kile-2.9.93-i586-15.txz
killbots	kde/killbots-21.12.1-i586-1.txz
kimageformats	kde/kimageformats-5.90.0-i586-1.txz
kimagemapeditor	kde/kimagemapeditor-21.12.1-i586-1.txz
kimap	kde/kimap-21.12.1-i586-1.txz
kinfocenter	kde/kinfocenter-5.23.5-i586-1.txz
kinit	kde/kinit-5.90.0-i586-1.txz
kio	kde/kio-5.90.0-i586-1.txz
kio-extras	kde/kio-extras-21.12.1-i586-1.txz
kio-gdrive	kde/kio-gdrive-21.12.1-i586-1.txz
kipi-plugins	kde/kipi-plugins-21.12.1-i586-1.txz
kirigami-gallery	kde/kirigami-gallery-21.12.1-i586-1.txz
kirigami2	kde/kirigami2-5.90.0-i586-1.txz
kiriki	kde/kiriki-21.12.1-i586-1.txz
kitemmodels	kde/kitemmodels-5.90.0-i586-1.txz
kitemviews	kde/kitemviews-5.90.0-i586-1.txz
kiten	kde/kiten-21.12.1-i586-1.txz
kitinerary	kde/kitinerary-21.12.1-i586-1.txz
kjobwidgets	kde/kjobwidgets-5.90.0-i586-1.txz
kjots	kde/kjots-20211003_4109f07-i586-1.txz
kjs	kde/kjs-5.90.0-i586-1.txz
kjsembed	kde/kjsembed-5.90.0-i586-1.txz
kjumpingcube	kde/kjumpingcube-21.12.1-i586-1.txz
kldap	kde/kldap-21.12.1-i586-1.txz
kleopatra	kde/kleopatra-21.12.1-i586-1.txz
klickety	kde/klickety-21.12.1-i586-1.txz
klines	kde/klines-21.12.1-i586-1.txz
kmag	kde/kmag-21.12.1-i586-1.txz
kmahjongg	kde/kmahjongg-21.12.1-i586-1.txz
kmail	kde/kmail-21.12.1-i586-1.txz
kmail-account-wizard	kde/kmail-account-wizard-21.12.1-i586-1.txz
kmailtransport	kde/kmailtransport-21.12.1-i586-1.txz
kmbox	kde/kmbox-21.12.1-i586-1.txz
kmediaplayer	kde/kmediaplayer-5.90.0-i586-1.txz
kmenuedit	kde/kmenuedit-5.23.5-i586-1.txz
kmime	kde/kmime-21.12.1-i586-1.txz
kmines	kde/kmines-21.12.1-i586-1.txz
kmix	kde/kmix-21.12.1-i586-1.txz
kmod	a/kmod-29-i586-1.txz
kmousetool	kde/kmousetool-21.12.1-i586-1.txz
kmouth	kde/kmouth-21.12.1-i586-1.txz
kmplot	kde/kmplot-21.12.1-i586-1.txz
kmymoney	kde/kmymoney-5.1.2-i586-4.txz
knavalbattle	kde/knavalbattle-21.12.1-i586-1.txz
knetwalk	kde/knetwalk-21.12.1-i586-1.txz
knewstuff	kde/knewstuff-5.90.0-i586-1.txz
knights	kde/knights-21.12.1-i586-1.txz
knotes	kde/knotes-21.12.1-i586-1.txz
knotifications	kde/knotifications-5.90.0-i586-1.txz
knotifyconfig	kde/knotifyconfig-5.90.0-i586-1.txz
kolf	kde/kolf-21.12.1-i586-1.txz
kollision	kde/kollision-21.12.1-i586-1.txz
kolourpaint	kde/kolourpaint-21.12.1-i586-1.txz
kompare	kde/kompare-21.12.1-i586-1.txz
konqueror	kde/konqueror-21.12.1-i586-1.txz
konquest	kde/konquest-21.12.1-i586-1.txz
konsole	kde/konsole-21.12.1-i586-1.txz
kontact	kde/kontact-21.12.1-i586-1.txz
kontactinterface	kde/kontactinterface-21.12.1-i586-1.txz
kontrast	kde/kontrast-21.12.1-i586-1.txz
konversation	kde/konversation-21.12.1-i586-1.txz
kopeninghours	kde/kopeninghours-21.12.1-i586-2.txz
kopete	kde/kopete-21.12.1-i586-1.txz
korganizer	kde/korganizer-21.12.1-i586-1.txz
kosmindoormap	kde/kosmindoormap-21.12.1-i586-1.txz
kpackage	kde/kpackage-5.90.0-i586-1.txz
kparts	kde/kparts-5.90.0-i586-1.txz
kpat	kde/kpat-21.12.1-i586-1.txz
kpeople	kde/kpeople-5.90.0-i586-1.txz
kpeoplevcard	kde/kpeoplevcard-0.1-i586-4.txz
kpimtextedit	kde/kpimtextedit-21.12.1-i586-1.txz
kpkpass	kde/kpkpass-21.12.1-i586-1.txz
kplotting	kde/kplotting-5.90.0-i586-1.txz
kpmcore	kde/kpmcore-21.12.1-i586-1.txz
kpty	kde/kpty-5.90.0-i586-1.txz
kpublictransport	kde/kpublictransport-21.12.1-i586-1.txz
kqtquickcharts	kde/kqtquickcharts-21.12.1-i586-1.txz
kquickcharts	kde/kquickcharts-5.90.0-i586-1.txz
krb5	n/krb5-1.19.2-i586-2.txz
krdc	kde/krdc-21.12.1-i586-1.txz
krename	kde/krename-5.0.1-i586-4.txz
kreversi	kde/kreversi-21.12.1-i586-1.txz
krfb	kde/krfb-21.12.1-i586-1.txz
krita	kde/krita-5.0.2-i586-2.txz
kross	kde/kross-5.90.0-i586-1.txz
kross-interpreters	kde/kross-interpreters-21.12.1-i586-1.txz
kruler	kde/kruler-21.12.1-i586-1.txz
krunner	kde/krunner-5.90.0-i586-1.txz
krusader	kde/krusader-2.7.2-i586-5.txz
kscreen	kde/kscreen-5.23.5-i586-1.txz
kscreenlocker	kde/kscreenlocker-5.23.5-i586-1.txz
kservice	kde/kservice-5.90.0-i586-1.txz
ksh93	ap/ksh93-1.0_20220114_e569f23e-i586-1.txz
kshisen	kde/kshisen-21.12.1-i586-1.txz
ksirk	kde/ksirk-21.12.1-i586-1.txz
ksmtp	kde/ksmtp-21.12.1-i586-1.txz
ksnakeduel	kde/ksnakeduel-21.12.1-i586-1.txz
kspaceduel	kde/kspaceduel-21.12.1-i586-1.txz
ksquares	kde/ksquares-21.12.1-i586-1.txz
ksshaskpass	kde/ksshaskpass-5.23.5-i586-1.txz
kstars	kde/kstars-3.5.7-i586-1.txz
ksudoku	kde/ksudoku-21.12.1-i586-1.txz
ksystemlog	kde/ksystemlog-21.12.1-i586-1.txz
ksystemstats	kde/ksystemstats-5.23.5-i586-1.txz
kteatime	kde/kteatime-21.12.1-i586-1.txz
ktexteditor	kde/ktexteditor-5.90.0-i586-2.txz
ktextwidgets	kde/ktextwidgets-5.90.0-i586-1.txz
ktimer	kde/ktimer-21.12.1-i586-1.txz
ktimetracker	kde/ktimetracker-5.0.1-i586-4.txz
ktnef	kde/ktnef-21.12.1-i586-1.txz
ktorrent	kde/ktorrent-21.12.1-i586-1.txz
ktouch	kde/ktouch-21.12.1-i586-1.txz
kturtle	kde/kturtle-21.12.1-i586-1.txz
kubrick	kde/kubrick-21.12.1-i586-1.txz
kunitconversion	kde/kunitconversion-5.90.0-i586-1.txz
kwallet	kde/kwallet-5.90.0-i586-1.txz
kwallet-pam	kde/kwallet-pam-5.23.5-i586-1.txz
kwalletmanager	kde/kwalletmanager-21.12.1-i586-1.txz
kwave	kde/kwave-21.12.1-i586-1.txz
kwayland	kde/kwayland-5.90.0-i586-1.txz
kwayland-integration	kde/kwayland-integration-5.23.5-i586-1.txz
kwayland-server	kde/kwayland-server-5.23.5-i586-2.txz
kwidgetsaddons	kde/kwidgetsaddons-5.90.0-i586-1.txz
kwin	kde/kwin-5.23.5-i586-2.txz
kwindowsystem	kde/kwindowsystem-5.90.0-i586-1.txz
kwordquiz	kde/kwordquiz-21.12.1-i586-1.txz
kwrited	kde/kwrited-5.23.5-i586-1.txz
kxmlgui	kde/kxmlgui-5.90.0-i586-1.txz
kxmlrpcclient	kde/kxmlrpcclient-5.90.0-i586-1.txz
lame	l/lame-3.100-i586-4.txz
latte-dock	kde/latte-dock-0.10.8-i586-1.txz
layer-shell-qt	kde/layer-shell-qt-5.23.5-i586-1.txz
lbzip2	a/lbzip2-2.5-i586-4.txz
lcms	l/lcms-1.19-i586-6.txz
lcms2	l/lcms2-2.13-i586-2.txz
lensfun	l/lensfun-0.3.95-i586-5.txz
less	a/less-590-i586-1.txz
lftp	n/lftp-4.9.2-i586-3.txz
lhasa	a/lhasa-0.3.1-i586-3.txz
libFS	x/libFS-1.0.8-i586-3.txz
libICE	x/libICE-1.0.10-i586-3.txz
libSM	x/libSM-1.2.3-i586-3.txz
libX11	x/libX11-1.7.3.1-i586-1.txz
libXScrnSaver	x/libXScrnSaver-1.2.3-i586-3.txz
libXau	x/libXau-1.0.9-i586-3.txz
libXaw	x/libXaw-1.0.14-i586-1.txz
libXaw3d	x/libXaw3d-1.6.3-i586-3.txz
libXaw3dXft	x/libXaw3dXft-1.6.2h-i586-3.txz
libXcm	x/libXcm-0.5.4-i586-3.txz
libXcomposite	x/libXcomposite-0.4.5-i586-3.txz
libXcursor	x/libXcursor-1.2.0-i586-3.txz
libXdamage	x/libXdamage-1.1.5-i586-3.txz
libXdmcp	x/libXdmcp-1.1.3-i586-3.txz
libXevie	x/libXevie-1.0.3-i586-5.txz
libXext	x/libXext-1.3.4-i586-3.txz
libXfixes	x/libXfixes-6.0.0-i586-1.txz
libXfont2	x/libXfont2-2.0.5-i586-1.txz
libXfontcache	x/libXfontcache-1.0.5-i586-5.txz
libXft	x/libXft-2.3.4-i586-1.txz
libXi	x/libXi-1.8-i586-1.txz
libXinerama	x/libXinerama-1.1.4-i586-3.txz
libXmu	x/libXmu-1.1.3-i586-3.txz
libXp	x/libXp-1.0.3-i586-5.txz
libXpm	x/libXpm-3.5.13-i586-3.txz
libXpresent	x/libXpresent-1.0.0-i586-4.txz
libXrandr	x/libXrandr-1.5.2-i586-3.txz
libXrender	x/libXrender-0.9.10-i586-4.txz
libXres	x/libXres-1.2.1-i586-1.txz
libXt	x/libXt-1.2.1-i586-2.txz
libXtst	x/libXtst-1.2.3-i586-4.txz
libXv	x/libXv-1.0.11-i586-4.txz
libXvMC	x/libXvMC-1.0.12-i586-5.txz
libXxf86dga	x/libXxf86dga-1.1.5-i586-3.txz
libXxf86misc	x/libXxf86misc-1.0.4-i586-3.txz
libXxf86vm	x/libXxf86vm-1.1.4-i586-5.txz
libaio	l/libaio-0.3.112-i586-3.txz
libao	l/libao-1.2.2-i586-4.txz
libappindicator	l/libappindicator-12.10.0-i586-3.txz
libarchive	l/libarchive-3.5.2-i586-1.txz
libassuan	n/libassuan-2.5.5-i586-1.txz
libasyncns	l/libasyncns-0.8-i586-5.txz
libatasmart	l/libatasmart-0.19-i586-5.txz
libblockdev	a/libblockdev-2.26-i586-3.txz
libbluray	l/libbluray-1.3.0-i586-1.txz
libburn	l/libburn-1.5.4-i586-2.txz
libbytesize	a/libbytesize-2.6-i586-3.txz
libcaca	l/libcaca-0.99.beta19-i586-11.txz
libcanberra	l/libcanberra-0.30-i586-9.txz
libcap	l/libcap-2.63-i586-1.txz
libcap-ng	l/libcap-ng-0.8.2-i586-5.txz
libcddb	l/libcddb-1.3.2-i586-8.txz
libcdio	l/libcdio-2.1.0-i586-3.txz
libcdio-paranoia	l/libcdio-paranoia-10.2+2.0.1-i586-3.txz
libcgroup	a/libcgroup-0.41-i586-10.txz
libclc	l/libclc-13.0.0-i586-1.txz
libcue	l/libcue-2.2.1-i586-3.txz
libdbusmenu	l/libdbusmenu-16.04.0-i586-3.txz
libdbusmenu-qt	l/libdbusmenu-qt-0.9.3+16.04.20160218-i586-3.txz
libdiscid	l/libdiscid-0.6.2-i586-4.txz
libdmtx	l/libdmtx-0.7.5-i586-3.txz
libdmx	x/libdmx-1.1.4-i586-3.txz
libdrm	x/libdrm-2.4.109-i586-1.txz
libdvdnav	l/libdvdnav-6.1.1-i586-1.txz
libdvdread	l/libdvdread-6.1.2-i586-1.txz
libedit	l/libedit-20210910_3.1-i586-1.txz
libepoxy	x/libepoxy-1.5.9-i586-1.txz
liberation-fonts-ttf	x/liberation-fonts-ttf-2.1.5-noarch-1.txz
libevdev	x/libevdev-1.12.0-i586-1.txz
libevent	l/libevent-2.1.12-i586-3.txz
libexif	l/libexif-0.6.24-i586-1.txz
libfakekey	l/libfakekey-0.3-i586-4.txz
libffi	l/libffi-3.3-i586-3.txz
libfontenc	x/libfontenc-1.1.4-i586-3.txz
libgcrypt	n/libgcrypt-1.9.4-i586-1.txz
libgee	x/libgee-0.20.4-i586-1.txz
libglade	l/libglade-2.6.4-i586-8.txz
libglvnd	x/libglvnd-1.3.3-i586-1.txz
libgnome-keyring	l/libgnome-keyring-3.12.0-i586-4.txz
libgnt	l/libgnt-2.14.3-i586-1.txz
libgpg-error	n/libgpg-error-1.44-i586-1.txz
libgphoto2	l/libgphoto2-2.5.28-i586-1.txz
libgpod	l/libgpod-0.8.3-i586-11.txz
libgravatar	kde/libgravatar-21.12.1-i586-1.txz
libgsf	l/libgsf-1.14.48-i586-1.txz
libgtop	l/libgtop-2.40.0-i586-5.txz
libgudev	a/libgudev-237-i586-1.txz
libhangul	x/libhangul-0.1.0-i586-4.txz
libical	l/libical-3.0.13-i586-1.txz
libid3tag	l/libid3tag-0.15.1b-i586-7.txz
libidl	l/libidl-0.8.14-i586-4.txz
libidn	l/libidn-1.38-i586-1.txz
libidn2	l/libidn2-2.3.2-i586-1.txz
libieee1284	l/libieee1284-0.2.11-i586-6.txz
libimobiledevice	l/libimobiledevice-20211124_2c6121d-i586-2.txz
libimobiledevice-glue	l/libimobiledevice-glue-20211125_3cb687b-i586-2.txz
libindicator	l/libindicator-12.10.1-i586-3.txz
libinput	x/libinput-1.19.3-i586-1.txz
libiodbc	l/libiodbc-3.52.15-i586-1.txz
libjpeg-turbo	l/libjpeg-turbo-2.1.2-i586-1.txz
libkarma	l/libkarma-0.1.2-i586-3.txz
libkcddb	kde/libkcddb-21.12.1-i586-1.txz
libkcompactdisc	kde/libkcompactdisc-21.12.1-i586-1.txz
libkdcraw	kde/libkdcraw-21.12.1-i586-1.txz
libkdegames	kde/libkdegames-21.12.1-i586-1.txz
libkdepim	kde/libkdepim-21.12.1-i586-1.txz
libkeduvocdocument	kde/libkeduvocdocument-21.12.1-i586-1.txz
libkexiv2	kde/libkexiv2-21.12.1-i586-1.txz
libkgapi	kde/libkgapi-21.12.1-i586-1.txz
libkipi	kde/libkipi-21.12.1-i586-1.txz
libkkc	x/libkkc-0.3.5-i586-3.txz
libkkc-data	x/libkkc-data-0.2.7-i586-3.txz
libkleo	kde/libkleo-21.12.1-i586-1.txz
libkmahjongg	kde/libkmahjongg-21.12.1-i586-1.txz
libkomparediff2	kde/libkomparediff2-21.12.1-i586-1.txz
libksane	kde/libksane-21.12.1-i586-1.txz
libksba	n/libksba-1.6.0-i586-1.txz
libkscreen	kde/libkscreen-5.23.5-i586-1.txz
libksieve	kde/libksieve-21.12.1-i586-1.txz
libksysguard	kde/libksysguard-5.23.5-i586-1.txz
libktorrent	kde/libktorrent-21.12.1-i586-1.txz
libmad	l/libmad-0.15.1b-i586-6.txz
libmbim	n/libmbim-1.26.2-i586-1.txz
libmcrypt	l/libmcrypt-2.5.8-i586-4.txz
libmilter	n/libmilter-8.17.1-i586-1.txz
libmng	l/libmng-2.0.3-i586-4.txz
libmnl	n/libmnl-1.0.4-i586-5.txz
libmpc	l/libmpc-1.2.1-i586-3.txz
libmtp	l/libmtp-1.1.19-i586-1.txz
libmypaint	x/libmypaint-1.6.1-i586-4.txz
libndp	n/libndp-1.8-i586-1.txz
libnetfilter_acct	n/libnetfilter_acct-1.0.3-i586-4.txz
libnetfilter_conntrack	n/libnetfilter_conntrack-1.0.8-i586-3.txz
libnetfilter_cthelper	n/libnetfilter_cthelper-1.0.0-i586-4.txz
libnetfilter_cttimeout	n/libnetfilter_cttimeout-1.0.0-i586-4.txz
libnetfilter_log	n/libnetfilter_log-1.0.2-i586-1.txz
libnetfilter_queue	n/libnetfilter_queue-1.0.5-i586-3.txz
libnfnetlink	n/libnfnetlink-1.0.1-i586-4.txz
libnftnl	n/libnftnl-1.2.1-i586-1.txz
libnice	l/libnice-0.1.18-i586-3.txz
libnih	l/libnih-1.0.3-i586-5.txz
libnjb	l/libnjb-2.2.7-i586-4.txz
libnl	l/libnl-1.1.4-i586-5.txz
libnl3	l/libnl3-3.5.0-i586-3.txz
libnma	xap/libnma-1.8.32-i586-2.txz
libnotify	l/libnotify-0.7.9-i586-3.txz
libnsl	l/libnsl-1.3.0-i586-3.txz
libnss_nis	l/libnss_nis-3.1-i586-3.txz
libodfgen	l/libodfgen-0.1.8-i586-3.txz
libogg	l/libogg-1.3.5-i586-1.txz
liboggz	l/liboggz-1.1.1-i586-5.txz
liboil	l/liboil-0.3.17-i586-4.txz
libopusenc	l/libopusenc-0.2.1-i586-3.txz
libpcap	l/libpcap-1.10.1-i586-1.txz
libpciaccess	x/libpciaccess-0.16-i586-3.txz
libpinyin	x/libpinyin-2.6.1-i586-1.txz
libplist	l/libplist-2.2.0-i586-3.txz
libpng	l/libpng-1.6.37-i586-3.txz
libproxy	l/libproxy-0.4.17-i586-5.txz
libpsl	l/libpsl-0.21.1-i586-4.txz
libpthread-stubs	x/libpthread-stubs-0.4-i586-5.txz
libpwquality	a/libpwquality-1.4.4-i586-6.txz
libqalculate	l/libqalculate-3.22.0-i586-1.txz
libqmi	n/libqmi-1.30.2-i586-1.txz
libraw1394	l/libraw1394-2.1.2-i586-4.txz
librevenge	l/librevenge-0.0.4-i586-4.txz
librsvg	l/librsvg-2.52.5-i586-1.txz
libsamplerate	l/libsamplerate-0.2.2-i586-1.txz
libsass	l/libsass-3.6.5-i586-1.txz
libseccomp	l/libseccomp-2.5.3-i586-1.txz
libsecret	l/libsecret-0.20.4-i586-3.txz
libsigc++	l/libsigc++-2.10.7-i586-1.txz
libsigc++3	l/libsigc++3-3.0.7-i586-1.txz
libsigsegv	l/libsigsegv-2.14-i586-1.txz
libsndfile	l/libsndfile-1.0.31-i586-2.txz
libsodium	l/libsodium-1.0.18-i586-3.txz
libsoup	l/libsoup-2.74.2-i586-1.txz
libspectre	l/libspectre-0.2.9-i586-4.txz
libssh	l/libssh-0.9.6-i586-1.txz
libssh2	l/libssh2-1.10.0-i586-1.txz
libtasn1	l/libtasn1-4.18.0-i586-1.txz
libtheora	l/libtheora-1.1.1-i586-4.txz
libtiff	l/libtiff-4.3.0-i586-1.txz
libtirpc	n/libtirpc-1.3.2-i586-1.txz
libtool	d/libtool-2.4.6-i586-18.txz
libunistring	l/libunistring-0.9.10-i586-3.txz
libunwind	l/libunwind-1.6.2-i586-1.txz
liburing	l/liburing-2.1-i586-2.txz
libusb	l/libusb-1.0.24-i586-4.txz
libusb-compat	l/libusb-compat-0.1.7-i586-1.txz
libusbmuxd	l/libusbmuxd-20200615_c7d7d1a-i586-3.txz
libuv	l/libuv-1.43.0-i586-1.txz
libva	x/libva-2.13.0-i586-2.txz
libva-utils	x/libva-utils-2.13.0-i586-1.txz
libvdpau	x/libvdpau-1.4-i586-3.txz
libvisio	l/libvisio-0.1.7-i586-7.txz
libvisual	l/libvisual-0.4.0-i586-6.txz
libvisual-plugins	l/libvisual-plugins-0.4.0-i586-7.txz
libvncserver	l/libvncserver-0.9.13-i586-3.txz
libvorbis	l/libvorbis-1.3.7-i586-3.txz
libvpx	l/libvpx-1.11.0-i586-1.txz
libwacom	x/libwacom-1.12-i586-1.txz
libwebp	l/libwebp-1.2.2-i586-1.txz
libwmf	l/libwmf-0.2.12-i586-3.txz
libwnck	l/libwnck-2.31.0-i586-5.txz
libwnck3	l/libwnck3-3.36.0-i586-3.txz
libwpd	l/libwpd-0.10.3-i586-3.txz
libwpg	l/libwpg-0.3.3-i586-3.txz
libx86	ap/libx86-1.1-i586-5.txz
libxcb	x/libxcb-1.14-i586-3.txz
libxfce4ui	xfce/libxfce4ui-4.16.1-i586-1.txz
libxfce4util	xfce/libxfce4util-4.16.0-i586-3.txz
libxkbcommon	l/libxkbcommon-1.3.1-i586-1.txz
libxkbfile	x/libxkbfile-1.1.0-i586-3.txz
libxklavier	l/libxklavier-5.4-i586-4.txz
libxml2	l/libxml2-2.9.12-i586-5.txz
libxshmfence	x/libxshmfence-1.3-i586-4.txz
libxslt	l/libxslt-1.1.34-i586-3.txz
libyaml	l/libyaml-0.2.5-i586-3.txz
libzip	l/libzip-1.8.0-i586-1.txz
lilo	a/lilo-24.2-i586-12.txz
links	n/links-2.25-i586-1.txz
linux-faqs	f/linux-faqs-20060228-noarch-1.txz
linux-howtos	f/linux-howtos-20160401-noarch-1.txz
linuxdoc-tools	ap/linuxdoc-tools-0.9.82-i586-3.txz
listres	x/listres-1.0.4-i586-4.txz
llvm	d/llvm-13.0.0-i586-2.txz
lm_sensors	ap/lm_sensors-3.6.0-i586-3.txz
lmdb	l/lmdb-0.9.29-i586-1.txz
lndir	x/lndir-1.0.3-i586-5.txz
logrotate	a/logrotate-3.18.1-i586-1.txz
lokalize	kde/lokalize-21.12.1-i586-1.txz
loudmouth	l/loudmouth-1.5.4-i586-2.txz
lrzip	a/lrzip-0.641-i586-1.txz
lskat	kde/lskat-21.12.1-i586-1.txz
lsof	ap/lsof-4.94.0-i586-3.txz
lsscsi	ap/lsscsi-0.32-i586-1.txz
luit	x/luit-1.1.1-i586-5.txz
lvm2	a/lvm2-2.03.13-i586-1.txz
lxc	ap/lxc-4.0.11-i586-3.txz
lynx	n/lynx-2.9.0dev.10-i586-1.txz
lz4	l/lz4-1.9.3-i586-3.txz
lzip	a/lzip-1.22-i586-3.txz
lzlib	a/lzlib-1.13-i586-1.txz
lzo	l/lzo-2.10-i586-4.txz
m17n-lib	x/m17n-lib-1.8.0-i586-4.txz
m4	d/m4-1.4.19-i586-1.txz
madplay	ap/madplay-0.15.2b-i586-7.txz
mailcommon	kde/mailcommon-21.12.1-i586-1.txz
mailimporter	kde/mailimporter-21.12.1-i586-1.txz
make	d/make-4.3-i586-3.txz
makedepend	x/makedepend-1.0.6-i586-3.txz
man-db	ap/man-db-2.9.4-i586-3.txz
man-pages	ap/man-pages-5.13-noarch-1.txz
marble	kde/marble-21.12.1-i586-1.txz
mariadb	ap/mariadb-10.5.13-i586-2.txz
marisa	x/marisa-0.2.6-i586-4.txz
markdownpart	kde/markdownpart-21.12.1-i586-1.txz
mbox-importer	kde/mbox-importer-21.12.1-i586-1.txz
mc	ap/mc-4.8.27-i586-1.txz
mcabber	n/mcabber-1.1.2-i586-3.txz
mcelog	a/mcelog-180-i586-1.txz
mdadm	a/mdadm-4.2-i586-1.txz
media-player-info	l/media-player-info-24-noarch-3.txz
mercurial	d/mercurial-6.0.1-i586-1.txz
mesa	x/mesa-21.3.5-i586-2.txz
meson	d/meson-0.59.4-i586-1.txz
messagelib	kde/messagelib-21.12.1-i586-1.txz
metamail	n/metamail-2.7-i586-10.txz
mhash	l/mhash-0.9.9.9-i586-6.txz
milou	kde/milou-5.23.5-i586-1.txz
minicom	a/minicom-2.8-i586-3.txz
minuet	kde/minuet-21.12.1-i586-1.txz
mkcomposecache	x/mkcomposecache-1.2.1-i586-5.txz
mkfontscale	x/mkfontscale-1.2.1-i586-4.txz
mkinitrd	a/mkinitrd-1.4.11-i586-28.txz
mlocate	a/mlocate-0.26-i586-4.txz
mlt	l/mlt-7.4.0-i586-1.txz
mm	l/mm-1.4.2-i586-5.txz
mobile-broadband-provider-info	n/mobile-broadband-provider-info-20210805-i586-1.txz
moc	ap/moc-2.5.2-i586-8.txz
modemmanager-qt	kde/modemmanager-qt-5.90.0-i586-1.txz
most	ap/most-5.1.0-i586-3.txz
motif	x/motif-2.3.8-i586-5.txz
mousepad	xfce/mousepad-0.5.8-i586-1.txz
mozilla-firefox	xap/mozilla-firefox-91.5.1esr-i686-1.txz
mozilla-nss	l/mozilla-nss-3.74-i586-1.txz
mozilla-thunderbird	xap/mozilla-thunderbird-91.5.1-i686-1.txz
mozjs78	l/mozjs78-78.15.0esr-i586-1.txz
mpfr	l/mpfr-4.1.0-i586-3.txz
mpg123	ap/mpg123-1.29.3-i586-1.txz
mt-st	a/mt-st-1.4-i586-3.txz
mtdev	x/mtdev-1.1.6-i586-3.txz
mtr	n/mtr-0.95-i586-1.txz
mtx	a/mtx-1.3.12-i586-4.txz
mutt	n/mutt-2.1.5-i586-1.txz
mypaint-brushes	x/mypaint-brushes-1.3.0-noarch-3.txz
nano	ap/nano-6.0-i586-1.txz
nasm	d/nasm-2.15.05-i586-3.txz
nc	n/nc-1.10-i586-4.txz
ncftp	n/ncftp-3.2.6-i586-4.txz
ncompress	a/ncompress-5.0-i586-2.txz
ncurses	l/ncurses-6.3-i586-1.txz
ndctl	a/ndctl-71.1-i586-4.txz
neofetch	ap/neofetch-20211210_ccd5d9f5-noarch-1.txz
neon	l/neon-0.32.2-i586-1.txz
net-snmp	n/net-snmp-5.9.1-i586-4.txz
net-tools	n/net-tools-20181103_0eebece-i586-3.txz
netatalk	n/netatalk-3.1.12-i586-7.txz
netdate	n/netdate-bsd4-i586-4.txz
nethack	y/nethack-3.6.6-i586-3.txz
netkit-bootparamd	n/netkit-bootparamd-0.17-i586-6.txz
netkit-ftp	n/netkit-ftp-0.17-i586-7.txz
netkit-ntalk	n/netkit-ntalk-0.17-i586-7.txz
netkit-routed	n/netkit-routed-0.17-i586-4.txz
netkit-rsh	n/netkit-rsh-0.17-i586-5.txz
netkit-rusers	n/netkit-rusers-0.17-i586-5.txz
netkit-rwall	n/netkit-rwall-0.17-i586-5.txz
netkit-rwho	n/netkit-rwho-0.17-i586-5.txz
netkit-timed	n/netkit-timed-0.17-i586-4.txz
netpbm	l/netpbm-10.97.03-i586-1.txz
netpipes	n/netpipes-4.2-i586-4.txz
nettle	n/nettle-3.7.3-i586-1.txz
netwatch	n/netwatch-1.3.1_2-i586-5.txz
network-manager-applet	xap/network-manager-applet-1.24.0-i586-2.txz
network-scripts	n/network-scripts-15.0-noarch-18.txz
networkmanager-qt	kde/networkmanager-qt-5.90.0-i586-1.txz
netwrite	n/netwrite-0.17-i586-4.txz
newspost	n/newspost-2.1.1-i586-4.txz
newt	l/newt-0.52.21-i586-7.txz
nfacct	n/nfacct-1.0.2-i586-4.txz
nfs-utils	n/nfs-utils-2.5.4-i586-1.txz
nftables	n/nftables-1.0.1-i586-1.txz
nghttp2	n/nghttp2-1.46.0-i586-1.txz
ninja	d/ninja-1.10.2-i586-3.txz
nmap	n/nmap-7.92-i586-1.txz
nn	n/nn-6.7.3-i586-8.txz
normalize	ap/normalize-0.7.7-i586-5.txz
noto-cjk-fonts-ttf	x/noto-cjk-fonts-ttf-2.001-noarch-3.txz
noto-fonts-ttf	x/noto-fonts-ttf-20171024-noarch-4.txz
npth	n/npth-1.6-i586-3.txz
nss-pam-ldapd	n/nss-pam-ldapd-0.9.12-i586-1.txz
ntfs-3g	a/ntfs-3g-2021.8.22-i586-1.txz
ntp	n/ntp-4.2.8p15-i586-8.txz
nvi	a/nvi-1.81.6-i586-3.txz
nvme-cli	ap/nvme-cli-1.16-i586-1.txz
obexftp	n/obexftp-0.24.2-i586-10.txz
ocl-icd	l/ocl-icd-2.3.1-i586-1.txz
oclock	x/oclock-1.0.4-i586-4.txz
okteta	kde/okteta-0.26.6-i586-2.txz
okular	kde/okular-21.12.1-i586-1.txz
oniguruma	l/oniguruma-6.9.7.1-i586-1.txz
openal-soft	l/openal-soft-1.21.1-i586-2.txz
opencl-headers	d/opencl-headers-2021.04.29-noarch-1.txz
opencv	l/opencv-4.5.5-i586-1.txz
openexr	l/openexr-2.5.7-i586-5.txz
openjpeg	l/openjpeg-2.4.0-i586-3.txz
openldap	n/openldap-2.4.59-i586-1.txz
openobex	n/openobex-1.7.2-i586-5.txz
openresolv	n/openresolv-3.12.0-noarch-1.txz
openssh	n/openssh-8.8p1-i586-2.txz
openssl	n/openssl-1.1.1m-i586-1.txz
openssl-solibs	a/openssl-solibs-1.1.1m-i586-1.txz
openvpn	n/openvpn-2.5.5-i586-1.txz
oprofile	d/oprofile-1.4.0-i586-8.txz
opus	l/opus-1.3.1-i586-3.txz
opus-tools	ap/opus-tools-0.2-i586-3.txz
opusfile	l/opusfile-0.12-i586-3.txz
orc	l/orc-0.4.32-i586-3.txz
os-prober	a/os-prober-1.79-i586-1.txz
oxygen	kde/oxygen-5.23.5-i586-1.txz
oxygen-fonts	kde/oxygen-fonts-5.4.3-noarch-4.txz
oxygen-gtk2	kde/oxygen-gtk2-1.4.6-i586-4.txz
oxygen-icons5	kde/oxygen-icons5-5.90.0-noarch-1.txz
p11-kit	n/p11-kit-0.24.1-i586-1.txz
p2c	d/p2c-2.01-i586-3.txz
palapeli	kde/palapeli-21.12.1-i586-1.txz
pam	a/pam-1.5.2-i586-1.txz
pam-krb5	n/pam-krb5-4.11-i586-1.txz
pamixer	ap/pamixer-1.5-i586-2.txz
pan	xap/pan-0.149-i586-1.txz
pango	l/pango-1.48.11-i586-1.txz
pangomm	l/pangomm-2.42.2-i586-3.txz
parallel	d/parallel-20220122-noarch-1.txz
parley	kde/parley-21.12.1-i586-1.txz
parted	l/parted-3.4-i586-2.txz
partitionmanager	kde/partitionmanager-21.12.1-i586-1.txz
patch	a/patch-2.7.6-i586-5.txz
patchelf	d/patchelf-0.14.3-i586-1.txz
pavucontrol	xap/pavucontrol-5.0-i586-1.txz
pcaudiolib	l/pcaudiolib-1.2-i586-1.txz
pciutils	a/pciutils-3.7.0-i586-3.txz
pcmciautils	a/pcmciautils-018-i586-4.txz
pcre	l/pcre-8.45-i586-1.txz
pcre2	l/pcre2-10.39-i586-1.txz
perl	d/perl-5.34.0-i586-1.txz
phonon	l/phonon-4.11.1-i586-3.txz
phonon-backend-gstreamer	l/phonon-backend-gstreamer-4.10.0-i586-3.txz
php	n/php-7.4.27-i586-1.txz
picmi	kde/picmi-21.12.1-i586-1.txz
pidentd	n/pidentd-3.0.19-i586-6.txz
pidgin	xap/pidgin-2.14.8-i586-1.txz
pilot-link	l/pilot-link-0.12.5-i586-16.txz
pim-data-exporter	kde/pim-data-exporter-21.12.1-i586-1.txz
pim-sieve-editor	kde/pim-sieve-editor-21.12.1-i586-1.txz
pimcommon	kde/pimcommon-21.12.1-i586-1.txz
pinentry	n/pinentry-1.2.0-i586-1.txz
pipewire	l/pipewire-0.3.44-i586-1.txz
pixman	x/pixman-0.40.0-i586-3.txz
pkg-config	d/pkg-config-0.29.2-i586-4.txz
pkgtools	a/pkgtools-15.0-noarch-42.txz
plasma-browser-integration	kde/plasma-browser-integration-5.23.5-i586-1.txz
plasma-desktop	kde/plasma-desktop-5.23.5-i586-1.txz
plasma-disks	kde/plasma-disks-5.23.5-i586-1.txz
plasma-firewall	kde/plasma-firewall-5.23.5-i586-1.txz
plasma-framework	kde/plasma-framework-5.90.0-i586-1.txz
plasma-integration	kde/plasma-integration-5.23.5-i586-1.txz
plasma-nm	kde/plasma-nm-5.23.5-i586-1.txz
plasma-pa	kde/plasma-pa-5.23.5-i586-1.txz
plasma-sdk	kde/plasma-sdk-5.23.5-i586-1.txz
plasma-systemmonitor	kde/plasma-systemmonitor-5.23.5-i586-1.txz
plasma-vault	kde/plasma-vault-5.23.5-i586-1.txz
plasma-wayland-protocols	kde/plasma-wayland-protocols-1.6.0-i586-1.txz
plasma-workspace	kde/plasma-workspace-5.23.5-i586-3.txz
plasma-workspace-wallpapers	kde/plasma-workspace-wallpapers-5.23.5-i586-1.txz
plzip	a/plzip-1.10-i586-1.txz
pmake	d/pmake-1.111-i586-7.txz
poke	d/poke-2.0-i586-1.txz
polkit	l/polkit-0.120-i586-2.txz
polkit-gnome	l/polkit-gnome-0.105-i586-4.txz
polkit-kde-agent-1	kde/polkit-kde-agent-1-5.23.5-i586-1.txz
polkit-qt-1	l/polkit-qt-1-0.114.0-i586-1.txz
popa3d	n/popa3d-1.0.3-i586-6.txz
poppler	l/poppler-21.12.0-i586-1.txz
poppler-data	l/poppler-data-0.4.11-noarch-1.txz
popt	l/popt-1.18-i586-3.txz
postfix	n/postfix-3.6.4-i586-1.txz
powerdevil	kde/powerdevil-5.23.5-i586-1.txz
powertop	ap/powertop-2.13-i586-3.txz
poxml	kde/poxml-21.12.1-i586-1.txz
ppp	n/ppp-2.4.9-i586-2.txz
print-manager	kde/print-manager-21.12.1-i586-1.txz
prison	kde/prison-5.90.0-i586-1.txz
procmail	n/procmail-3.22-i586-6.txz
procps-ng	a/procps-ng-3.3.17-i586-2.txz
proftpd	n/proftpd-1.3.7c-i586-1.txz
pssh	n/pssh-2.3.4-i586-6.txz
pulseaudio	l/pulseaudio-15.0-i586-4.txz
pulseaudio-qt	kde/pulseaudio-qt-1.3-i586-2.txz
purpose	kde/purpose-5.90.0-i586-1.txz
pycairo	l/pycairo-1.20.1-i586-3.txz
pycups	l/pycups-2.0.1-i586-6.txz
pycurl	l/pycurl-7.44.1-i586-3.txz
pygobject	l/pygobject-2.28.7-i586-8.txz
pygobject3	l/pygobject3-3.42.0-i586-3.txz
pygtk	l/pygtk-2.24.0-i586-7.txz
pyparsing	l/pyparsing-2.4.7-i586-6.txz
python-Jinja2	l/python-Jinja2-3.0.3-i586-1.txz
python-MarkupSafe	l/python-MarkupSafe-2.0.1-i586-1.txz
python-PyYAML	l/python-PyYAML-6.0-i586-1.txz
python-appdirs	l/python-appdirs-1.4.4-i586-6.txz
python-certifi	l/python-certifi-2021.10.8-i586-2.txz
python-cffi	l/python-cffi-1.15.0-i586-2.txz
python-chardet	l/python-chardet-4.0.0-i586-5.txz
python-charset-normalizer	l/python-charset-normalizer-2.0.10-i586-1.txz
python-distro	l/python-distro-1.6.0-i586-2.txz
python-dnspython	l/python-dnspython-2.1.0-i586-3.txz
python-docutils	l/python-docutils-0.17.1-i586-3.txz
python-doxypypy	l/python-doxypypy-0.8.8.6-i586-1.txz
python-doxyqml	l/python-doxyqml-0.5.1-i586-1.txz
python-future	l/python-future-0.18.2-i586-7.txz
python-idna	l/python-idna-3.3-i586-2.txz
python-markdown	l/python-markdown-3.3.4-i586-3.txz
python-notify2	l/python-notify2-0.3.1-i586-10.txz
python-packaging	l/python-packaging-21.3-i586-1.txz
python-pbr	l/python-pbr-5.8.0-i586-1.txz
python-pillow	l/python-pillow-8.4.0-i586-2.txz
python-pip	d/python-pip-21.3.1-i586-2.txz
python-ply	l/python-ply-3.11-i586-8.txz
python-pycparser	l/python-pycparser-2.21-i586-1.txz
python-pygments	l/python-pygments-2.10.0-i586-3.txz
python-pysol_cards	l/python-pysol_cards-0.12.0-i586-2.txz
python-random2	l/python-random2-1.0.1-i586-5.txz
python-requests	l/python-requests-2.26.0-i586-3.txz
python-sane	l/python-sane-2.9.1-i586-5.txz
python-setuptools	d/python-setuptools-57.5.0-i586-2.txz
python-setuptools_scm	l/python-setuptools_scm-6.3.2-i586-1.txz
python-six	l/python-six-1.16.0-i586-3.txz
python-tomli	l/python-tomli-1.2.2-i586-1.txz
python-urllib3	l/python-urllib3-1.26.8-i586-1.txz
python2	d/python2-2.7.18-i586-4.txz
python2-module-collection	l/python2-module-collection-2.7.18-i586-6.txz
python3	d/python3-3.9.10-i586-1.txz
pyxdg	x/pyxdg-0.27-i586-6.txz
qca	l/qca-2.3.4-i586-1.txz
qpdf	ap/qpdf-10.5.0-i586-1.txz
qqc2-breeze-style	kde/qqc2-breeze-style-5.23.5-i586-1.txz
qqc2-desktop-style	kde/qqc2-desktop-style-5.90.0-i586-1.txz
qrencode	l/qrencode-4.1.1-i586-3.txz
qt5	l/qt5-5.15.3_20211130_014c375b-i586-2.txz
qt5-webkit	l/qt5-webkit-5.212.0_alpha4-i586-7.txz
qtkeychain	l/qtkeychain-0.13.2-i586-1.txz
quazip	l/quazip-1.1-i586-3.txz
quota	a/quota-4.06-i586-3.txz
radeontool	ap/radeontool-1.6.3-i586-4.txz
rcs	d/rcs-5.10.0-i586-3.txz
rdesktop	xap/rdesktop-1.9.0-i586-4.txz
rdist	n/rdist-6.1.5-i586-5.txz
re2c	d/re2c-2.2-i586-1.txz
readline	l/readline-8.1.002-i586-1.txz
reiserfsprogs	a/reiserfsprogs-3.6.27-i586-4.txz
rendercheck	x/rendercheck-1.5-i586-4.txz
rgb	x/rgb-1.0.6-i586-5.txz
rinutils	d/rinutils-0.10.0-i586-1.txz
rocs	kde/rocs-21.12.1-i586-1.txz
rp-pppoe	n/rp-pppoe-3.15-i586-1.txz
rpcbind	n/rpcbind-1.2.6-i586-1.txz
rpcsvc-proto	l/rpcsvc-proto-1.4.3-i586-1.txz
rpm	ap/rpm-4.16.1.3-i586-4.txz
rpm2tgz	a/rpm2tgz-1.2.2-i586-6.txz
rsync	n/rsync-3.2.3-i586-4.txz
rttr	l/rttr-0.9.6-i586-4.txz
ruby	d/ruby-3.0.3-i586-1.txz
rubygem-asciidoctor	l/rubygem-asciidoctor-2.0.15-i586-1.txz
rust	d/rust-1.58.1-i686-1.txz
rxvt-unicode	xap/rxvt-unicode-9.26-i586-2.txz
rzip	ap/rzip-2.1-i586-4.txz
s-nail	n/s-nail-14.9.23-i586-1.txz
samba	n/samba-4.15.5-i586-1.txz
sane	xap/sane-1.0.32-i586-1.txz
sassc	d/sassc-3.6.2-i586-1.txz
sazanami-fonts-ttf	x/sazanami-fonts-ttf-20040629-noarch-5.txz
sbc	l/sbc-1.5-i586-3.txz
sc	ap/sc-7.16-i586-10.txz
sc-im	ap/sc-im-20210927_64b1a41-i586-1.txz
scons	d/scons-4.2.0-i586-2.txz
screen	ap/screen-4.9.0-i586-1.txz
sddm	kde/sddm-0.19.0-i586-10.txz
sddm-kcm	kde/sddm-kcm-5.23.5-i586-1.txz
sdl	l/sdl-1.2.15-i586-12.txz
sdparm	a/sdparm-1.12-i586-2.txz
seamonkey	xap/seamonkey-2.53.10.2-i686-1.txz
sed	a/sed-4.8-i586-3.txz
seejpeg	ap/seejpeg-1.10-i586-4.txz
serf	l/serf-1.3.9-i586-6.txz
sessreg	x/sessreg-1.1.2-i586-3.txz
setxkbmap	x/setxkbmap-1.3.2-i586-3.txz
seyon	xap/seyon-2.20c-i586-6.txz
sg3_utils	l/sg3_utils-1.47-i586-1.txz
shadow	a/shadow-4.8.1-i586-12.txz
shared-desktop-ontologies	l/shared-desktop-ontologies-0.11.0-i586-4.txz
shared-mime-info	l/shared-mime-info-2.1-i586-3.txz
sharutils	a/sharutils-4.15.2-i586-4.txz
showfont	x/showfont-1.0.5-i586-5.txz
sinhala_lklug-font-ttf	x/sinhala_lklug-font-ttf-20060929-noarch-5.txz
sip	l/sip-4.19.25-i586-5.txz
skanlite	kde/skanlite-21.12.1-i586-1.txz
skkdic	x/skkdic-20200128-noarch-3.txz
slackpkg	ap/slackpkg-15.0.10-noarch-1.txz
slacktrack	d/slacktrack-2.22-i586-1.txz
slang	l/slang-2.3.2-i586-5.txz
slang1	l/slang1-1.4.9-i586-4.txz
slrn	n/slrn-1.0.3a-i586-3.txz
smartmontools	a/smartmontools-7.2-i586-4.txz
smproxy	x/smproxy-1.0.6-i586-4.txz
snownews	n/snownews-1.9-i586-1.txz
socat	n/socat-1.7.4.3-i586-1.txz
solid	kde/solid-5.90.0-i586-1.txz
soma	ap/soma-3.3.7-noarch-2.txz
sonnet	kde/sonnet-5.90.0-i586-1.txz
sound-theme-freedesktop	l/sound-theme-freedesktop-0.8-noarch-4.txz
sox	ap/sox-14.4.2-i586-8.txz
spectacle	kde/spectacle-21.12.1-i586-1.txz
speech-dispatcher	l/speech-dispatcher-0.10.2-i586-5.txz
speex	l/speex-1.2.0-i586-4.txz
speexdsp	l/speexdsp-1.2.0-i586-3.txz
spirv-llvm-translator	l/spirv-llvm-translator-13.0.0-i586-1.txz
splitvt	a/splitvt-1.6.6-i586-5.txz
sqlite	ap/sqlite-3.37.2-i586-1.txz
squashfs-tools	ap/squashfs-tools-4.5-i586-2.txz
sshfs	n/sshfs-3.7.2-i586-1.txz
ssr	xap/ssr-0.4.3-i586-1.txz
startup-notification	l/startup-notification-0.12-i586-5.txz
step	kde/step-21.12.1-i586-1.txz
strace	d/strace-5.16-i586-1.txz
stunnel	n/stunnel-5.62-i586-1.txz
subversion	d/subversion-1.14.1-i586-4.txz
sudo	ap/sudo-1.9.9-i586-1.txz
svgalib	l/svgalib-1.9.25-i586-7.txz
svgpart	kde/svgpart-21.12.1-i586-1.txz
sweeper	kde/sweeper-21.12.1-i586-1.txz
swig	d/swig-4.0.2-i586-3.txz
syndication	kde/syndication-5.90.0-i586-1.txz
syntax-highlighting	kde/syntax-highlighting-5.90.0-i586-1.txz
sysfsutils	a/sysfsutils-2.1.0-i586-4.txz
sysklogd	a/sysklogd-2.3.0-i586-1.txz
syslinux	a/syslinux-4.07-i586-4.txz
sysstat	ap/sysstat-12.5.5-i586-1.txz
system-config-printer	l/system-config-printer-1.5.15-i586-5.txz
systemsettings	kde/systemsettings-5.23.5-i586-1.txz
sysvinit	a/sysvinit-3.01-i586-1.txz
sysvinit-functions	a/sysvinit-functions-8.53-i586-5.txz
sysvinit-scripts	a/sysvinit-scripts-15.0-noarch-8.txz
t1lib	l/t1lib-5.1.2-i586-6.txz
taglib	l/taglib-1.12-i586-1.txz
taglib-extras	l/taglib-extras-1.0.1-i586-4.txz
talloc	l/talloc-2.3.3-i586-3.txz
tango-icon-theme	l/tango-icon-theme-0.8.90-noarch-6.txz
tango-icon-theme-extras	l/tango-icon-theme-extras-0.1.0-noarch-4.txz
tar	a/tar-1.34-i586-1.txz
tcl	tcl/tcl-8.6.12-i586-1.txz
tclx	tcl/tclx-8.4.4-i586-3.txz
tcp_wrappers	n/tcp_wrappers-7.6-i586-6.txz
tcpdump	n/tcpdump-4.99.1-i586-1.txz
tcsh	a/tcsh-6.23.02-i586-1.txz
tdb	l/tdb-1.4.6-i586-1.txz
telnet	n/telnet-0.17-i586-6.txz
terminus-font	ap/terminus-font-4.49.1-noarch-3.txz
tevent	l/tevent-0.11.0-i586-3.txz
texinfo	ap/texinfo-6.8-i586-3.txz
texlive	t/texlive-2021.210418-i586-2.txz
tftp-hpa	n/tftp-hpa-5.2-i586-8.txz
threadweaver	kde/threadweaver-5.90.0-i586-1.txz
thunar	xfce/thunar-4.16.10-i586-1.txz
thunar-volman	xfce/thunar-volman-4.16.0-i586-3.txz
tibmachuni-font-ttf	x/tibmachuni-font-ttf-1.901b-noarch-5.txz
tidy-html5	l/tidy-html5-5.8.0-i586-2.txz
time	a/time-1.9-i586-4.txz
tin	n/tin-2.6.1-i586-1.txz
tix	tcl/tix-8.4.3-i586-6.txz
tk	tcl/tk-8.6.12-i586-1.txz
tmux	ap/tmux-3.2a-i586-1.txz
traceroute	n/traceroute-2.1.0-i586-4.txz
transset	x/transset-1.0.2-i586-4.txz
tree	a/tree-1.8.0-i586-3.txz
ttf-indic-fonts	x/ttf-indic-fonts-0.5.14-noarch-5.txz
ttf-tlwg	x/ttf-tlwg-0.7.3-noarch-1.txz
tumbler	xfce/tumbler-4.16.0-i586-4.txz
twm	x/twm-1.0.11-i586-3.txz
udisks	a/udisks-1.0.5-i586-10.txz
udisks2	a/udisks2-2.9.4-i586-1.txz
ulogd	n/ulogd-2.0.7-i586-4.txz
umbrello	kde/umbrello-21.12.1-i586-1.txz
unarj	a/unarj-265-i586-4.txz
undervolt	ap/undervolt-20210815_e39aea1-i586-2.txz
upower	a/upower-0.99.13-i586-1.txz
urw-core35-fonts-otf	x/urw-core35-fonts-otf-20170801_91edd6e_git-noarch-4.txz
usb_modeswitch	a/usb_modeswitch-2.6.1-i586-3.txz
usbmuxd	ap/usbmuxd-20210925_e3a3180-i586-1.txz
usbutils	a/usbutils-014-i586-1.txz
utempter	a/utempter-1.2.0-i586-3.txz
utf8proc	l/utf8proc-2.7.0-i586-1.txz
util-linux	a/util-linux-2.37.3-i586-1.txz
util-macros	x/util-macros-1.19.3-noarch-2.txz
uucp	n/uucp-1.07-i586-5.txz
v4l-utils	l/v4l-utils-1.22.1-i586-1.txz
vala	d/vala-0.54.6-i586-1.txz
vbetool	ap/vbetool-1.2.2-i586-4.txz
vid.stab	l/vid.stab-20201110_f9166e9-i586-1.txz
viewres	x/viewres-1.0.6-i586-3.txz
vim	ap/vim-8.2.4256-i586-1.txz
vim-gvim	xap/vim-gvim-8.2.4256-i586-1.txz
vlan	n/vlan-1.9-i586-5.txz
volume_key	a/volume_key-0.3.12-i586-5.txz
vorbis-tools	ap/vorbis-tools-1.4.2-i586-2.txz
vsftpd	n/vsftpd-3.0.5-i586-1.txz
vte	l/vte-0.66.2-i586-1.txz
vulkan-sdk	x/vulkan-sdk-1.2.176.1-i586-2.txz
wacomtablet	kde/wacomtablet-20210906_d1e216a-i586-1.txz
wavpack	l/wavpack-5.4.0-i586-3.txz
wayland	x/wayland-1.20.0-i586-1.txz
wayland-protocols	x/wayland-protocols-1.25-noarch-1.txz
wget	n/wget-1.21.2-i586-1.txz
wget2	n/wget2-2.0.0-i586-2.txz
which	a/which-2.21-i586-4.txz
whois	n/whois-5.5.11-i586-1.txz
windowmaker	xap/windowmaker-0.95.9-i586-3.txz
wireguard-tools	n/wireguard-tools-1.0.20210914-i586-1.txz
wireless_tools	n/wireless_tools-30.pre9-i586-5.txz
woff2	l/woff2-20180531_a0d0ed7-i586-3.txz
wpa_supplicant	n/wpa_supplicant-2.10-i586-1.txz
wqy-zenhei-font-ttf	x/wqy-zenhei-font-ttf-0.8.38_1-noarch-9.txz
x11-skel	x/x11-skel-7.7-i586-8.txz
x11-ssh-askpass	xap/x11-ssh-askpass-1.2.4.1-i586-5.txz
x11perf	x/x11perf-1.6.1-i586-3.txz
x3270	xap/x3270-4.0ga14-i586-2.txz
xaos	xap/xaos-4.2.1-i686-2.txz
xapian-core	l/xapian-core-1.4.19-i586-1.txz
xauth	x/xauth-1.1.1-i586-1.txz
xbacklight	x/xbacklight-1.2.3-i586-3.txz
xbiff	x/xbiff-1.0.4-i586-3.txz
xbitmaps	x/xbitmaps-1.1.2-i586-4.txz
xcalc	x/xcalc-1.1.0-i586-3.txz
xcb-proto	x/xcb-proto-1.14.1-i586-6.txz
xcb-util	x/xcb-util-0.4.0-i586-5.txz
xcb-util-cursor	x/xcb-util-cursor-0.1.3-i586-4.txz
xcb-util-errors	x/xcb-util-errors-1.0-i586-4.txz
xcb-util-image	x/xcb-util-image-0.4.0-i586-5.txz
xcb-util-keysyms	x/xcb-util-keysyms-0.4.0-i586-5.txz
xcb-util-renderutil	x/xcb-util-renderutil-0.3.9-i586-5.txz
xcb-util-wm	x/xcb-util-wm-0.4.1-i586-5.txz
xclipboard	x/xclipboard-1.1.3-i586-5.txz
xclock	x/xclock-1.0.9-i586-3.txz
xcm	x/xcm-0.5.4-i586-4.txz
xcmsdb	x/xcmsdb-1.0.5-i586-4.txz
xcompmgr	x/xcompmgr-1.1.8-i586-3.txz
xconsole	x/xconsole-1.0.7-i586-4.txz
xcursor-themes	x/xcursor-themes-1.0.6-noarch-3.txz
xcursorgen	x/xcursorgen-1.0.7-i586-3.txz
xdbedizzy	x/xdbedizzy-1.1.0-i586-5.txz
xdg-desktop-portal	x/xdg-desktop-portal-1.12.1-i586-1.txz
xdg-desktop-portal-kde	kde/xdg-desktop-portal-kde-5.23.5-i586-1.txz
xdg-user-dirs	x/xdg-user-dirs-0.17-i586-3.txz
xdg-utils	x/xdg-utils-1.1.3-noarch-4.txz
xditview	x/xditview-1.0.5-i586-3.txz
xdm	x/xdm-1.1.11-i586-14.txz
xdpyinfo	x/xdpyinfo-1.3.2-i586-4.txz
xdriinfo	x/xdriinfo-1.0.6-i586-4.txz
xedit	x/xedit-1.2.2-i586-5.txz
xev	x/xev-1.2.4-i586-3.txz
xeyes	x/xeyes-1.2.0-i586-1.txz
xf86-input-acecad	x/xf86-input-acecad-1.5.0-i586-14.txz
xf86-input-evdev	x/xf86-input-evdev-2.10.6-i586-3.txz
xf86-input-joystick	x/xf86-input-joystick-1.6.3-i586-5.txz
xf86-input-keyboard	x/xf86-input-keyboard-1.9.0-i586-5.txz
xf86-input-libinput	x/xf86-input-libinput-1.2.1-i586-1.txz
xf86-input-mouse	x/xf86-input-mouse-1.9.3-i586-3.txz
xf86-input-penmount	x/xf86-input-penmount-1.5.0-i586-14.txz
xf86-input-synaptics	x/xf86-input-synaptics-1.9.1-i586-3.txz
xf86-input-vmmouse	x/xf86-input-vmmouse-13.1.0-i586-9.txz
xf86-input-void	x/xf86-input-void-1.4.1-i586-3.txz
xf86-input-wacom	x/xf86-input-wacom-0.40.0-i586-2.txz
xf86-video-amdgpu	x/xf86-video-amdgpu-21.0.0-i586-1.txz
xf86-video-apm	x/xf86-video-apm-1.3.0-i586-3.txz
xf86-video-ark	x/xf86-video-ark-0.7.5-i586-13.txz
xf86-video-ast	x/xf86-video-ast-1.1.5-i586-7.txz
xf86-video-ati	x/xf86-video-ati-19.1.0-i586-3.txz
xf86-video-chips	x/xf86-video-chips-1.4.0-i586-3.txz
xf86-video-cirrus	x/xf86-video-cirrus-1.5.3-i586-7.txz
xf86-video-dummy	x/xf86-video-dummy-0.3.8-i586-5.txz
xf86-video-glint	x/xf86-video-glint-1.2.9-i586-5.txz
xf86-video-i128	x/xf86-video-i128-1.4.0-i586-3.txz
xf86-video-i740	x/xf86-video-i740-1.4.0-i586-3.txz
xf86-video-intel	x/xf86-video-intel-20201215_a511f22c-i686-3.txz
xf86-video-mach64	x/xf86-video-mach64-6.9.6-i586-3.txz
xf86-video-mga	x/xf86-video-mga-2.0.0-i586-3.txz
xf86-video-neomagic	x/xf86-video-neomagic-1.3.0-i586-3.txz
xf86-video-nouveau	x/xf86-video-nouveau-1.0.17-i586-2.txz
xf86-video-nv	x/xf86-video-nv-2.1.21-i586-5.txz
xf86-video-openchrome	x/xf86-video-openchrome-0.6.0-i586-5.txz
xf86-video-r128	x/xf86-video-r128-6.12.0-i586-3.txz
xf86-video-rendition	x/xf86-video-rendition-4.2.7-i586-3.txz
xf86-video-s3	x/xf86-video-s3-0.7.0-i586-3.txz
xf86-video-s3virge	x/xf86-video-s3virge-1.11.0-i586-3.txz
xf86-video-savage	x/xf86-video-savage-20190128_8579718-i586-3.txz
xf86-video-siliconmotion	x/xf86-video-siliconmotion-1.7.9-i586-5.txz
xf86-video-sis	x/xf86-video-sis-0.12.0-i586-3.txz
xf86-video-sisusb	x/xf86-video-sisusb-0.9.7-i586-5.txz
xf86-video-tdfx	x/xf86-video-tdfx-1.5.0-i586-3.txz
xf86-video-tga	x/xf86-video-tga-1.2.2-i586-13.txz
xf86-video-trident	x/xf86-video-trident-1.3.8-i586-5.txz
xf86-video-tseng	x/xf86-video-tseng-1.2.5-i586-13.txz
xf86-video-v4l	x/xf86-video-v4l-0.3.0-i586-3.txz
xf86-video-vboxvideo	x/xf86-video-vboxvideo-1.0.0-i586-5.txz
xf86-video-vesa	x/xf86-video-vesa-2.5.0-i586-3.txz
xf86-video-vmware	x/xf86-video-vmware-13.3.0-i586-6.txz
xf86-video-voodoo	x/xf86-video-voodoo-1.2.5-i586-14.txz
xf86dga	x/xf86dga-1.0.3-i586-5.txz
xfce4-appfinder	xfce/xfce4-appfinder-4.16.1-i586-3.txz
xfce4-clipman-plugin	xfce/xfce4-clipman-plugin-1.6.2-i586-1.txz
xfce4-dev-tools	xfce/xfce4-dev-tools-4.16.0-i586-3.txz
xfce4-notifyd	xfce/xfce4-notifyd-0.6.2-i586-4.txz
xfce4-panel	xfce/xfce4-panel-4.16.3-i586-1.txz
xfce4-panel-profiles	xfce/xfce4-panel-profiles-1.0.13-i586-1.txz
xfce4-power-manager	xfce/xfce4-power-manager-4.16.0-i586-3.txz
xfce4-pulseaudio-plugin	xfce/xfce4-pulseaudio-plugin-0.4.3-i586-4.txz
xfce4-screensaver	xfce/xfce4-screensaver-4.16.0-i586-3.txz
xfce4-screenshooter	xfce/xfce4-screenshooter-1.9.9-i586-1.txz
xfce4-session	xfce/xfce4-session-4.16.0-i586-3.txz
xfce4-settings	xfce/xfce4-settings-4.16.2-i586-1.txz
xfce4-systemload-plugin	xfce/xfce4-systemload-plugin-1.2.4-i586-4.txz
xfce4-taskmanager	xfce/xfce4-taskmanager-1.4.2-i586-1.txz
xfce4-terminal	xfce/xfce4-terminal-0.8.10-i586-3.txz
xfce4-weather-plugin	xfce/xfce4-weather-plugin-0.10.2-i586-4.txz
xfce4-whiskermenu-plugin	xfce/xfce4-whiskermenu-plugin-2.6.2-i586-1.txz
xfconf	xfce/xfconf-4.16.0-i586-3.txz
xfd	x/xfd-1.1.3-i586-3.txz
xfdesktop	xfce/xfdesktop-4.16.0-i586-3.txz
xfig	t/xfig-3.2.8b-i586-1.txz
xfontsel	x/xfontsel-1.0.6-i586-4.txz
xfs	x/xfs-1.2.0-i586-4.txz
xfsdump	ap/xfsdump-3.1.9-i586-3.txz
xfsinfo	x/xfsinfo-1.0.6-i586-3.txz
xfsprogs	a/xfsprogs-5.13.0-i586-1.txz
xfwm4	xfce/xfwm4-4.16.1-i586-3.txz
xgames	xap/xgames-0.3-i586-8.txz
xgamma	x/xgamma-1.0.6-i586-4.txz
xgc	x/xgc-1.0.5-i586-4.txz
xhost	x/xhost-1.0.8-i586-3.txz
xine-lib	xap/xine-lib-1.2.11-i586-7.txz
xine-ui	xap/xine-ui-0.99.13-i686-1.txz
xinit	x/xinit-1.4.1-i586-4.txz
xinput	x/xinput-1.6.3-i586-3.txz
xisxwayland	x/xisxwayland-1-i586-3.txz
xkbcomp	x/xkbcomp-1.4.5-i586-1.txz
xkbevd	x/xkbevd-1.1.4-i586-4.txz
xkbprint	x/xkbprint-1.0.5-i586-3.txz
xkbutils	x/xkbutils-1.0.4-i586-5.txz
xkeyboard-config	x/xkeyboard-config-2.34-noarch-1.txz
xkill	x/xkill-1.0.5-i586-4.txz
xload	x/xload-1.1.3-i586-4.txz
xlockmore	xap/xlockmore-5.68-i586-1.txz
xlogo	x/xlogo-1.0.5-i586-3.txz
xlsatoms	x/xlsatoms-1.1.3-i586-3.txz
xlsclients	x/xlsclients-1.1.4-i586-4.txz
xlsfonts	x/xlsfonts-1.0.6-i586-4.txz
xmag	x/xmag-1.0.6-i586-4.txz
xman	x/xman-1.1.5-i586-3.txz
xmessage	x/xmessage-1.0.5-i586-4.txz
xmh	x/xmh-1.0.3-i586-4.txz
xmms	xap/xmms-1.2.11-i586-8.txz
xmodmap	x/xmodmap-1.0.10-i586-3.txz
xmore	x/xmore-1.0.3-i586-3.txz
xorg-cf-files	x/xorg-cf-files-1.0.7-i586-1.txz
xorg-docs	x/xorg-docs-1.7.1-noarch-4.txz
xorg-server	x/xorg-server-1.20.14-i586-2.txz
xorg-server-xephyr	x/xorg-server-xephyr-1.20.14-i586-2.txz
xorg-server-xnest	x/xorg-server-xnest-1.20.14-i586-2.txz
xorg-server-xvfb	x/xorg-server-xvfb-1.20.14-i586-2.txz
xorg-server-xwayland	x/xorg-server-xwayland-21.1.4-i586-1.txz
xorg-sgml-doctools	x/xorg-sgml-doctools-1.11-i586-5.txz
xorgproto	x/xorgproto-2021.5-i586-1.txz
xorriso	ap/xorriso-1.5.4.pl02-i586-2.txz
xpaint	xap/xpaint-3.1.4-i586-1.txz
xpdf	xap/xpdf-4.03-i586-3.txz
xpr	x/xpr-1.0.5-i586-4.txz
xprop	x/xprop-1.2.5-i586-3.txz
xpyb	x/xpyb-1.3.1-i586-7.txz
xrandr	x/xrandr-1.5.1-i586-3.txz
xrdb	x/xrdb-1.2.1-i586-1.txz
xrefresh	x/xrefresh-1.0.6-i586-4.txz
xsane	xap/xsane-0.999-i586-5.txz
xscope	x/xscope-1.4.2-i586-1.txz
xscreensaver	xap/xscreensaver-6.02-i586-1.txz
xset	x/xset-1.2.4-i586-4.txz
xsetroot	x/xsetroot-1.1.2-i586-4.txz
xsm	x/xsm-1.0.4-i586-4.txz
xsnow	xap/xsnow-3.4.3-i586-1.txz
xstdcmap	x/xstdcmap-1.0.4-i586-3.txz
xterm	x/xterm-370-i586-7.txz
xtrans	x/xtrans-1.4.0-noarch-3.txz
xvidtune	x/xvidtune-1.0.3-i586-5.txz
xvinfo	x/xvinfo-1.1.4-i586-3.txz
xwd	x/xwd-1.0.8-i586-1.txz
xwininfo	x/xwininfo-1.1.5-i586-3.txz
xwud	x/xwud-1.0.5-i586-4.txz
xxHash	l/xxHash-0.8.1-i586-2.txz
xz	a/xz-5.2.5-i586-3.txz
yakuake	kde/yakuake-21.12.1-i586-1.txz
yasm	d/yasm-1.3.0-i586-4.txz
yptools	n/yptools-4.2.3-i586-5.txz
ytalk	n/ytalk-3.3.0-i586-6.txz
zanshin	kde/zanshin-21.12.1-i586-1.txz
zd1211-firmware	n/zd1211-firmware-1.5-fw-4.txz
zeroconf-ioslave	kde/zeroconf-ioslave-21.12.1-i586-1.txz
zerofree	a/zerofree-1.1.1-i586-3.txz
zlib	l/zlib-1.2.11-i586-4.txz
zoo	a/zoo-2.10_22-i586-4.txz
zsh	ap/zsh-5.8-i586-3.txz
zstd	l/zstd-1.5.2-i586-1.txz
